<?xml version="1.0" encoding="utf-8"?>
<manifest identifier="znanja.322782.connector" xmlns="http://www.imsproject.org/xsd/imscp_rootv1p1p2" xmlns:adlcp="http://www.adlnet.org/xsd/adlcp_rootv1p2" xmlns:imsmd="http://www.imsglobal.org/xsd/imsmd_rootv1p2p1" xmlns:xsi="http://www.w3.org/2001/XMLSchema-instance" xsi:schemaLocation="http://www.imsproject.org/xsd/imscp_rootv1p1p2 imscp_rootv1p1p2.xsd http://www.imsglobal.org/xsd/imsmd_rootv1p2p1 imsmd_rootv1p2p1.xsd http://www.adlnet.org/xsd/adlcp_rootv1p2 adlcp_rootv1p2.xsd">
<metadata>
<schema>ADL SCORM</schema>
<schemaversion>1.2</schemaversion>
</metadata>
<organizations default="z7f4bad27-614c-4e88-8a98-5a0cd4feaed3"><organization identifier="z7f4bad27-614c-4e88-8a98-5a0cd4feaed3"><title>Writing for the Web - Connector Demo</title><item identifier="z33185fb6-44da-469b-bfe2-a16c27642189" identifierref="z70f1332c-6f2a-458d-9584-565d5f7312d0"><title>Writing for the Web</title><adlcp:datafromlms>{"hawk_key": "04e82f9d-6447-4dfc-814e-ec9ad1077578", "hawk_id": 322782, "path": "0"}</adlcp:datafromlms></item><item identifier="z4b11d1e2-f736-434c-9944-3c5150bd0bf6" identifierref="z70f1332c-6f2a-458d-9584-565d5f7312d0"><title>Course Overview</title><adlcp:datafromlms>{"hawk_key": "04e82f9d-6447-4dfc-814e-ec9ad1077578", "hawk_id": 322782, "path": "1/0"}</adlcp:datafromlms><item identifier="z936a0b78-6421-4b4b-afab-bfe0bcc88a00" identifierref="z70f1332c-6f2a-458d-9584-565d5f7312d0"><title>Learning Objectives</title><adlcp:datafromlms>{"hawk_key": "04e82f9d-6447-4dfc-814e-ec9ad1077578", "hawk_id": 322782, "path": "1/1"}</adlcp:datafromlms></item><item identifier="z60affde9-1508-43e4-9db5-be6cd2de8012" identifierref="z70f1332c-6f2a-458d-9584-565d5f7312d0"><title>Pre-Assignment</title><adlcp:datafromlms>{"hawk_key": "04e82f9d-6447-4dfc-814e-ec9ad1077578", "hawk_id": 322782, "path": "1/2"}</adlcp:datafromlms></item><item identifier="z2dc65691-5d1a-4893-bd28-e6a37537f7a9" identifierref="z70f1332c-6f2a-458d-9584-565d5f7312d0"><title>Pre-Assignment</title><adlcp:datafromlms>{"hawk_key": "04e82f9d-6447-4dfc-814e-ec9ad1077578", "hawk_id": 322782, "path": "1/3"}</adlcp:datafromlms></item><item identifier="z6e0ebf5e-dbe1-4912-a58b-c5592c96b1f0" identifierref="z70f1332c-6f2a-458d-9584-565d5f7312d0"><title>Pre-Assignment</title><adlcp:datafromlms>{"hawk_key": "04e82f9d-6447-4dfc-814e-ec9ad1077578", "hawk_id": 322782, "path": "1/4"}</adlcp:datafromlms></item><item identifier="z64611345-a0ed-4c8e-b6db-92f01e2acebb" identifierref="z70f1332c-6f2a-458d-9584-565d5f7312d0"><title>Pre-Course Assessment</title><adlcp:datafromlms>{"hawk_key": "04e82f9d-6447-4dfc-814e-ec9ad1077578", "hawk_id": 322782, "path": "1/5"}</adlcp:datafromlms></item></item><item identifier="z49a40f12-b5b5-4fc2-82be-a090788f09a9" identifierref="z70f1332c-6f2a-458d-9584-565d5f7312d0"><title>Getting to Know the Web</title><adlcp:datafromlms>{"hawk_key": "04e82f9d-6447-4dfc-814e-ec9ad1077578", "hawk_id": 322782, "path": "2/0"}</adlcp:datafromlms><item identifier="zb44e67fe-c948-4198-9666-39a06ba6bba8" identifierref="z70f1332c-6f2a-458d-9584-565d5f7312d0"><title>Web Writing Is Not The Same!</title><adlcp:datafromlms>{"hawk_key": "04e82f9d-6447-4dfc-814e-ec9ad1077578", "hawk_id": 322782, "path": "2/1"}</adlcp:datafromlms></item><item identifier="z710d6e7b-e2d3-45df-afb9-f192cbad3e27" identifierref="z70f1332c-6f2a-458d-9584-565d5f7312d0"><title>What It’s All About</title><adlcp:datafromlms>{"hawk_key": "04e82f9d-6447-4dfc-814e-ec9ad1077578", "hawk_id": 322782, "path": "2/2"}</adlcp:datafromlms></item><item identifier="z556a58fa-1059-4faf-be13-bb76c8c38c80" identifierref="z70f1332c-6f2a-458d-9584-565d5f7312d0"><title>The Purpose of Web Writing</title><adlcp:datafromlms>{"hawk_key": "04e82f9d-6447-4dfc-814e-ec9ad1077578", "hawk_id": 322782, "path": "2/3"}</adlcp:datafromlms></item><item identifier="zde25a21a-b597-49ea-b966-4667d371e4d6" identifierref="z70f1332c-6f2a-458d-9584-565d5f7312d0"><title>Making Connections</title><adlcp:datafromlms>{"hawk_key": "04e82f9d-6447-4dfc-814e-ec9ad1077578", "hawk_id": 322782, "path": "2/4"}</adlcp:datafromlms></item><item identifier="z513702b0-18cc-431f-9d3e-fefc221a46c6" identifierref="z70f1332c-6f2a-458d-9584-565d5f7312d0"><title>Making Connections</title><adlcp:datafromlms>{"hawk_key": "04e82f9d-6447-4dfc-814e-ec9ad1077578", "hawk_id": 322782, "path": "2/5"}</adlcp:datafromlms></item><item identifier="zb261b753-be32-44b1-8e84-b97e89c06ca0" identifierref="z70f1332c-6f2a-458d-9584-565d5f7312d0"><title>Design and Structure</title><adlcp:datafromlms>{"hawk_key": "04e82f9d-6447-4dfc-814e-ec9ad1077578", "hawk_id": 322782, "path": "2/6"}</adlcp:datafromlms></item><item identifier="z7225d081-4fba-438f-ba86-edfc22d9d76f" identifierref="z70f1332c-6f2a-458d-9584-565d5f7312d0"><title>Understanding HTML</title><adlcp:datafromlms>{"hawk_key": "04e82f9d-6447-4dfc-814e-ec9ad1077578", "hawk_id": 322782, "path": "2/7"}</adlcp:datafromlms></item><item identifier="z56413e5a-aece-445e-afe5-d40ce8156d30" identifierref="z70f1332c-6f2a-458d-9584-565d5f7312d0"><title>Viewing the Source</title><adlcp:datafromlms>{"hawk_key": "04e82f9d-6447-4dfc-814e-ec9ad1077578", "hawk_id": 322782, "path": "2/8"}</adlcp:datafromlms></item><item identifier="ze5ab74e2-f56e-4e5e-927c-470d75c2d2c7" identifierref="z70f1332c-6f2a-458d-9584-565d5f7312d0"><title>Viewing the Source</title><adlcp:datafromlms>{"hawk_key": "04e82f9d-6447-4dfc-814e-ec9ad1077578", "hawk_id": 322782, "path": "2/9"}</adlcp:datafromlms></item><item identifier="z54a34dea-7a70-4df9-bb88-9534d3fadd88" identifierref="z70f1332c-6f2a-458d-9584-565d5f7312d0"><title>Viewing the Source</title><adlcp:datafromlms>{"hawk_key": "04e82f9d-6447-4dfc-814e-ec9ad1077578", "hawk_id": 322782, "path": "2/10"}</adlcp:datafromlms></item><item identifier="z46c0afd8-b57b-4353-9d6f-d725c4a23233" identifierref="z70f1332c-6f2a-458d-9584-565d5f7312d0"><title>Viewing the Source</title><adlcp:datafromlms>{"hawk_key": "04e82f9d-6447-4dfc-814e-ec9ad1077578", "hawk_id": 322782, "path": "2/11"}</adlcp:datafromlms></item><item identifier="z6bd4e36f-8521-4773-8bec-2104edc55927" identifierref="z70f1332c-6f2a-458d-9584-565d5f7312d0"><title>It’s Work to Influence Others</title><adlcp:datafromlms>{"hawk_key": "04e82f9d-6447-4dfc-814e-ec9ad1077578", "hawk_id": 322782, "path": "2/12"}</adlcp:datafromlms></item><item identifier="zbb1fd6b3-6078-448b-b472-216cfea94473" identifierref="z70f1332c-6f2a-458d-9584-565d5f7312d0"><title>Predictability</title><adlcp:datafromlms>{"hawk_key": "04e82f9d-6447-4dfc-814e-ec9ad1077578", "hawk_id": 322782, "path": "2/13"}</adlcp:datafromlms></item><item identifier="zfb30d3da-a594-42a4-b868-25eea83bcfe8" identifierref="z70f1332c-6f2a-458d-9584-565d5f7312d0"><title>Consistency and Commitment</title><adlcp:datafromlms>{"hawk_key": "04e82f9d-6447-4dfc-814e-ec9ad1077578", "hawk_id": 322782, "path": "2/14"}</adlcp:datafromlms></item><item identifier="zf518d7fc-2f46-48b6-994b-341678e623ab" identifierref="z70f1332c-6f2a-458d-9584-565d5f7312d0"><title>Authority</title><adlcp:datafromlms>{"hawk_key": "04e82f9d-6447-4dfc-814e-ec9ad1077578", "hawk_id": 322782, "path": "2/15"}</adlcp:datafromlms></item></item><item identifier="z2272a1f2-8b13-453a-a035-f8ce935d370c" identifierref="z70f1332c-6f2a-458d-9584-565d5f7312d0"><title>Tips on Creating a Site Hierarchy</title><adlcp:datafromlms>{"hawk_key": "04e82f9d-6447-4dfc-814e-ec9ad1077578", "hawk_id": 322782, "path": "3/0"}</adlcp:datafromlms><item identifier="z87293290-27e2-4c1b-8984-d62793bd22ca" identifierref="z70f1332c-6f2a-458d-9584-565d5f7312d0"><title>Designing the Site</title><adlcp:datafromlms>{"hawk_key": "04e82f9d-6447-4dfc-814e-ec9ad1077578", "hawk_id": 322782, "path": "3/1"}</adlcp:datafromlms></item><item identifier="zce4e3d47-b7df-4076-8fa6-6e3b2474cc24" identifierref="z70f1332c-6f2a-458d-9584-565d5f7312d0"><title>Designing a Structure</title><adlcp:datafromlms>{"hawk_key": "04e82f9d-6447-4dfc-814e-ec9ad1077578", "hawk_id": 322782, "path": "3/2"}</adlcp:datafromlms></item><item identifier="zb77389e9-0b43-437c-803b-a509d43776a9" identifierref="z70f1332c-6f2a-458d-9584-565d5f7312d0"><title>Designing a Structure</title><adlcp:datafromlms>{"hawk_key": "04e82f9d-6447-4dfc-814e-ec9ad1077578", "hawk_id": 322782, "path": "3/3"}</adlcp:datafromlms></item><item identifier="z9d91ec1a-59da-4e6d-a50f-730c18f22f3c" identifierref="z70f1332c-6f2a-458d-9584-565d5f7312d0"><title>Designing a Structure</title><adlcp:datafromlms>{"hawk_key": "04e82f9d-6447-4dfc-814e-ec9ad1077578", "hawk_id": 322782, "path": "3/4"}</adlcp:datafromlms></item><item identifier="z2d4b7e17-8959-4375-9eac-0bc05467f20c" identifierref="z70f1332c-6f2a-458d-9584-565d5f7312d0"><title>Pre-Assignment</title><adlcp:datafromlms>{"hawk_key": "04e82f9d-6447-4dfc-814e-ec9ad1077578", "hawk_id": 322782, "path": "3/5"}</adlcp:datafromlms></item><item identifier="z525aeb9c-a2b2-421f-86ef-ad6eae4a356f" identifierref="z70f1332c-6f2a-458d-9584-565d5f7312d0"><title>Pre-Assignment Review</title><adlcp:datafromlms>{"hawk_key": "04e82f9d-6447-4dfc-814e-ec9ad1077578", "hawk_id": 322782, "path": "3/6"}</adlcp:datafromlms></item><item identifier="z2549dc22-efdc-41eb-8922-ece5903ce172" identifierref="z70f1332c-6f2a-458d-9584-565d5f7312d0"><title>Pre-Assignment Review</title><adlcp:datafromlms>{"hawk_key": "04e82f9d-6447-4dfc-814e-ec9ad1077578", "hawk_id": 322782, "path": "3/7"}</adlcp:datafromlms></item><item identifier="zf1dea650-4818-45ef-a092-b02a4befee9a" identifierref="z70f1332c-6f2a-458d-9584-565d5f7312d0"><title>Menus, Links, and Buttons</title><adlcp:datafromlms>{"hawk_key": "04e82f9d-6447-4dfc-814e-ec9ad1077578", "hawk_id": 322782, "path": "3/8"}</adlcp:datafromlms></item><item identifier="z44b01523-c54d-475c-bb24-b8f8af77981e" identifierref="z70f1332c-6f2a-458d-9584-565d5f7312d0"><title>Menu Sample One</title><adlcp:datafromlms>{"hawk_key": "04e82f9d-6447-4dfc-814e-ec9ad1077578", "hawk_id": 322782, "path": "3/9"}</adlcp:datafromlms></item><item identifier="z4845ee19-ba88-4a08-96d9-a0a5420e839c" identifierref="z70f1332c-6f2a-458d-9584-565d5f7312d0"><title>Menu Sample Two</title><adlcp:datafromlms>{"hawk_key": "04e82f9d-6447-4dfc-814e-ec9ad1077578", "hawk_id": 322782, "path": "3/10"}</adlcp:datafromlms></item><item identifier="z7aee4964-5f19-470e-a79a-cd68d3ef47fc" identifierref="z70f1332c-6f2a-458d-9584-565d5f7312d0"><title>Links</title><adlcp:datafromlms>{"hawk_key": "04e82f9d-6447-4dfc-814e-ec9ad1077578", "hawk_id": 322782, "path": "3/11"}</adlcp:datafromlms></item><item identifier="z045a9945-2a54-48be-bb46-4832bc316fb7" identifierref="z70f1332c-6f2a-458d-9584-565d5f7312d0"><title>Buttons</title><adlcp:datafromlms>{"hawk_key": "04e82f9d-6447-4dfc-814e-ec9ad1077578", "hawk_id": 322782, "path": "3/12"}</adlcp:datafromlms></item></item><item identifier="z7ca50c78-10a1-4a9d-af9b-f764f552f426" identifierref="z70f1332c-6f2a-458d-9584-565d5f7312d0"><title>Creating Your Content</title><adlcp:datafromlms>{"hawk_key": "04e82f9d-6447-4dfc-814e-ec9ad1077578", "hawk_id": 322782, "path": "4/0"}</adlcp:datafromlms><item identifier="zd1911619-affd-4831-a398-e338da03483f" identifierref="z70f1332c-6f2a-458d-9584-565d5f7312d0"><title>Writing Eye-Catching Headlines</title><adlcp:datafromlms>{"hawk_key": "04e82f9d-6447-4dfc-814e-ec9ad1077578", "hawk_id": 322782, "path": "4/1"}</adlcp:datafromlms></item><item identifier="zc6e0d80e-8531-4702-a8da-fdcae3194fbd" identifierref="z70f1332c-6f2a-458d-9584-565d5f7312d0"><title>Do's and Don'ts</title><adlcp:datafromlms>{"hawk_key": "04e82f9d-6447-4dfc-814e-ec9ad1077578", "hawk_id": 322782, "path": "4/2"}</adlcp:datafromlms></item><item identifier="z572f3042-da12-43b8-baa3-5119a25b9e4f" identifierref="z70f1332c-6f2a-458d-9584-565d5f7312d0"><title>Shifting Our Thinking</title><adlcp:datafromlms>{"hawk_key": "04e82f9d-6447-4dfc-814e-ec9ad1077578", "hawk_id": 322782, "path": "4/3"}</adlcp:datafromlms></item><item identifier="z3062cf22-7811-468b-b19c-da37b5085224" identifierref="z70f1332c-6f2a-458d-9584-565d5f7312d0"><title>Tips for Creating Great Headlines</title><adlcp:datafromlms>{"hawk_key": "04e82f9d-6447-4dfc-814e-ec9ad1077578", "hawk_id": 322782, "path": "4/4"}</adlcp:datafromlms></item><item identifier="z467b42e4-9b41-4aca-aaa9-3214762ffd5f" identifierref="z70f1332c-6f2a-458d-9584-565d5f7312d0"><title>Writing Content</title><adlcp:datafromlms>{"hawk_key": "04e82f9d-6447-4dfc-814e-ec9ad1077578", "hawk_id": 322782, "path": "4/5"}</adlcp:datafromlms></item><item identifier="z5c175217-d7b5-47ee-b6b5-0d99571bb79c" identifierref="z70f1332c-6f2a-458d-9584-565d5f7312d0"><title>Format Carefully</title><adlcp:datafromlms>{"hawk_key": "04e82f9d-6447-4dfc-814e-ec9ad1077578", "hawk_id": 322782, "path": "4/6"}</adlcp:datafromlms></item><item identifier="zf85b969f-55f4-47de-afaf-4329b0bffd5e" identifierref="z70f1332c-6f2a-458d-9584-565d5f7312d0"><title>Be Concise</title><adlcp:datafromlms>{"hawk_key": "04e82f9d-6447-4dfc-814e-ec9ad1077578", "hawk_id": 322782, "path": "4/7"}</adlcp:datafromlms></item><item identifier="zdb2fbd50-e7bb-49fe-83e8-acef290f565e" identifierref="z70f1332c-6f2a-458d-9584-565d5f7312d0"><title>Use Hyperlinks</title><adlcp:datafromlms>{"hawk_key": "04e82f9d-6447-4dfc-814e-ec9ad1077578", "hawk_id": 322782, "path": "4/8"}</adlcp:datafromlms></item><item identifier="za475fefb-de11-4d71-81fc-1c712f2851b4" identifierref="z70f1332c-6f2a-458d-9584-565d5f7312d0"><title>Build Trust</title><adlcp:datafromlms>{"hawk_key": "04e82f9d-6447-4dfc-814e-ec9ad1077578", "hawk_id": 322782, "path": "4/9"}</adlcp:datafromlms></item><item identifier="za9820142-9a02-4664-9f03-3d802a52dab7" identifierref="z70f1332c-6f2a-458d-9584-565d5f7312d0"><title>Use Inverted Pyramid Construction</title><adlcp:datafromlms>{"hawk_key": "04e82f9d-6447-4dfc-814e-ec9ad1077578", "hawk_id": 322782, "path": "4/10"}</adlcp:datafromlms></item><item identifier="zbaa6c8d3-c8eb-4891-85fa-e6d1ebd69034" identifierref="z70f1332c-6f2a-458d-9584-565d5f7312d0"><title>Think Rich</title><adlcp:datafromlms>{"hawk_key": "04e82f9d-6447-4dfc-814e-ec9ad1077578", "hawk_id": 322782, "path": "4/11"}</adlcp:datafromlms></item><item identifier="zafd24452-db4e-4bdf-ade0-d91f6c8428f0" identifierref="z70f1332c-6f2a-458d-9584-565d5f7312d0"><title>Presenting Your Message</title><adlcp:datafromlms>{"hawk_key": "04e82f9d-6447-4dfc-814e-ec9ad1077578", "hawk_id": 322782, "path": "4/12"}</adlcp:datafromlms></item><item identifier="z33b649f8-92cc-42fe-8075-32c99e196a59" identifierref="z70f1332c-6f2a-458d-9584-565d5f7312d0"><title>About PDF Files</title><adlcp:datafromlms>{"hawk_key": "04e82f9d-6447-4dfc-814e-ec9ad1077578", "hawk_id": 322782, "path": "4/13"}</adlcp:datafromlms></item><item identifier="z87028fa3-dc76-4706-9662-a96ad15bd9b2" identifierref="z70f1332c-6f2a-458d-9584-565d5f7312d0"><title>Writing Goals</title><adlcp:datafromlms>{"hawk_key": "04e82f9d-6447-4dfc-814e-ec9ad1077578", "hawk_id": 322782, "path": "4/14"}</adlcp:datafromlms></item><item identifier="zd26ae2e1-c994-472a-970b-66b45c1740be" identifierref="z70f1332c-6f2a-458d-9584-565d5f7312d0"><title>Writing Goals</title><adlcp:datafromlms>{"hawk_key": "04e82f9d-6447-4dfc-814e-ec9ad1077578", "hawk_id": 322782, "path": "4/15"}</adlcp:datafromlms></item><item identifier="z9cec8c06-a73d-4283-ba92-b6e778b6df7f" identifierref="z70f1332c-6f2a-458d-9584-565d5f7312d0"><title>Making Connections</title><adlcp:datafromlms>{"hawk_key": "04e82f9d-6447-4dfc-814e-ec9ad1077578", "hawk_id": 322782, "path": "4/16"}</adlcp:datafromlms></item><item identifier="zb41f99fc-e85b-4e2d-a1cb-ccd23145a2ef" identifierref="z70f1332c-6f2a-458d-9584-565d5f7312d0"><title>Making Connections</title><adlcp:datafromlms>{"hawk_key": "04e82f9d-6447-4dfc-814e-ec9ad1077578", "hawk_id": 322782, "path": "4/17"}</adlcp:datafromlms></item></item></organization></organizations>
<resources><resource adlcp:scormtype="sco" href="bootstrap.html" identifier="z70f1332c-6f2a-458d-9584-565d5f7312d0" type="webcontent"/></resources>
</manifest>