<?xml version="1.0" encoding="iso-8859-1"?>
<course title="What's New in Outlook 2019?" id="BB_WNIO19">
      <pages>
		<page id="1" displayText="Module 01: New Integration with OneDrive" link="//view.vzaar.com/19074499/player" type="html" keywords="New Integration with OneDrive" tooltip="New Integration with OneDrive"/>
		<page id="2" displayText="Module 02: Focused Inbox" link="//view.vzaar.com/19074523/player" type="html" keywords="Focused Inbox" tooltip="Focused Inbox"/>
		<page id="3" displayText="Module 03: Icons" link="//view.vzaar.com/19074544/player" type="html" keywords="Icons" tooltip="Icons"/>
		<page id="4" displayText="Module 04: Accessibility Features" link="//view.vzaar.com/19074559/player" type="html" keywords="Accessibility features" tooltip="Accessibility features"/>
		<page id="5" displayText="Module 05: New Calendar Features" link="//view.vzaar.com/19074616/player" type="html" keywords="New Calendar Features" tooltip="New Calendar Features"/>
		<page id="6" displayText="Module 06: Additional New Features" link="//view.vzaar.com/19074683/player" type="html" keywords="Additional New Features" tooltip="Additional New Features"/>
		<page id="7" displayText="Module 07: Groups" link="//view.vzaar.com/19074701/player" type="html" keywords="Groups" tooltip="Groups"/>
		
		</pages>
		<transcript available="1">
			<lang name="English" lang="en" image="en.png"/>
			
		</transcript>
	</course>
	