<?xml version="1.0" standalone="no" ?>

<!-- Created with Trident, the SCORM IDE - http://www.scormsoft.com -->
<manifest identifier="MANIFEST_IDENTIFIER" version="1.0"
    xmlns="http://www.imsglobal.org/xsd/imscp_v1p1"
    xmlns:adlcp="http://www.adlnet.org/xsd/adlcp_v1p3"
    xmlns:adlnav="http://www.adlnet.org/xsd/adlnav_v1p3"
    xmlns:adlseq="http://www.adlnet.org/xsd/adlseq_v1p3"
    xmlns:imsss="http://www.imsglobal.org/xsd/imsss" 
    xmlns:lom="http://ltsc.ieee.org/xsd/LOM" 
    xmlns:xsi="http://www.w3.org/2001/XMLSchema-instance"
    xsi:schemaLocation="http://www.imsglobal.org/xsd/imscp_v1p1 imscp_v1p1.xsd
                        http://www.adlnet.org/xsd/adlcp_v1p3 adlcp_v1p3.xsd
                        http://www.adlnet.org/xsd/adlnav_v1p3 adlnav_v1p3.xsd
                        http://www.adlnet.org/xsd/adlseq_v1p3 adlseq_v1p3.xsd
                        http://www.imsglobal.org/xsd/imsss imsss_v1p0.xsd
                        http://ltsc.ieee.org/xsd/LOM lom.xsd">
	
	<metadata>
		<schema>ADL SCORM</schema>
		<schemaversion>2004 3rd Edition</schemaversion>
	</metadata>
	
	<organizations default="ORG-547682">
		<organization identifier="ORG-547682" structure="hierarchical">
			<title>SCORM Sample Science Investigations 2</title>
			<item identifier="ACT-248401" identifierref="RES-893252">
				<title>Index</title>
			</item>
		</organization>
	</organizations>

	<resources>
		<resource identifier="RES-893252" type="webcontent" adlcp:scormType="asset" href="sc2-sample-assets/introduction.html">
			<file href="sc2-sample-assets/fuse-expt__design__fairtest.html"></file>
			<file href="sc2-sample-assets/fuse-expt__design__fuse-plan.html"></file>
			<file href="sc2-sample-assets/fuse-expt__design__results.html"></file>
			<file href="sc2-sample-assets/fuse-expt__experiment__fuse-help.html"></file>
			<file href="sc2-sample-assets/fuse-expt__expt.html"></file>
			<file href="sc2-sample-assets/fuse-expt__fuse-anys.html"></file>
			<file href="sc2-sample-assets/fuse-expt__fuse-con.html"></file>
			<file href="sc2-sample-assets/fuse-expt__fuse-data.html"></file>
			<file href="sc2-sample-assets/fuse-expt__fuse-info.html"></file>
			<file href="sc2-sample-assets/fuse-expt__fuse.html"></file>
			<file href="sc2-sample-assets/introduction.html"></file>
			<file href="sc2-sample-assets/thiosulphate-expt__design__fairtest.html"></file>
			<file href="sc2-sample-assets/thiosulphate-expt__design__results.html"></file>
			<file href="sc2-sample-assets/thiosulphate-expt__design__thiosulphate-plan.html"></file>
			<file href="sc2-sample-assets/thiosulphate-expt__experiment__thiosulphate-help.html"></file>
			<file href="sc2-sample-assets/thiosulphate-expt__expt.html"></file>
			<file href="sc2-sample-assets/thiosulphate-expt__thiosulphate-anys.html"></file>
			<file href="sc2-sample-assets/thiosulphate-expt__thiosulphate-calculation.html"></file>
			<file href="sc2-sample-assets/thiosulphate-expt__thiosulphate-con.html"></file>
			<file href="sc2-sample-assets/thiosulphate-expt__thiosulphate-data.html"></file>
			<file href="sc2-sample-assets/thiosulphate-expt__thiosulphate.html"></file>
			<file href="sc2-sample-assets/css/clears.css"></file>
			<file href="sc2-sample-assets/css/ie.css"></file>
			<file href="sc2-sample-assets/css/ie7.css"></file>
			<file href="sc2-sample-assets/css/navigation.css"></file>
			<file href="sc2-sample-assets/css/pjstyles.css"></file>
			<file href="sc2-sample-assets/css/reset.css"></file>
			<file href="sc2-sample-assets/css/rtl-styles.css"></file>
			<file href="sc2-sample-assets/css/styles.css"></file>
			<file href="sc2-sample-assets/css/typography.css"></file>
			<file href="sc2-sample-assets/images/arrow.down.png"></file>
			<file href="sc2-sample-assets/images/arrow.left.png"></file>
			<file href="sc2-sample-assets/images/arrow.right.png"></file>
			<file href="sc2-sample-assets/images/arrow.up.png"></file>
			<file href="sc2-sample-assets/images/background.jpg"></file>
			<file href="sc2-sample-assets/images/content-column-bl.jpg"></file>
			<file href="sc2-sample-assets/images/content-column-br.jpg"></file>
			<file href="sc2-sample-assets/images/content-column-tl.jpg"></file>
			<file href="sc2-sample-assets/images/content-column-tr.jpg"></file>
			<file href="sc2-sample-assets/images/header-bl.jpg"></file>
			<file href="sc2-sample-assets/images/header-br.jpg"></file>
			<file href="sc2-sample-assets/images/header-content-bl.jpg"></file>
			<file href="sc2-sample-assets/images/header-content-br.jpg"></file>
			<file href="sc2-sample-assets/images/header-content-tl.jpg"></file>
			<file href="sc2-sample-assets/images/header-content-tr.jpg"></file>
			<file href="sc2-sample-assets/images/header-tl.jpg"></file>
			<file href="sc2-sample-assets/images/header-tr.jpg"></file>
			<file href="sc2-sample-assets/images/help.png"></file>
			<file href="sc2-sample-assets/images/logo.accountpage.png"></file>
			<file href="sc2-sample-assets/images/logo.alternative.png"></file>
			<file href="sc2-sample-assets/images/logo.png"></file>
			<file href="sc2-sample-assets/images/navigation-blue-bottom.jpg"></file>
			<file href="sc2-sample-assets/images/navigation-blue-top.jpg"></file>
			<file href="sc2-sample-assets/images/navigation-darkblue-bottom.jpg"></file>
			<file href="sc2-sample-assets/images/navigation-grey-bottom.jpg"></file>
			<file href="sc2-sample-assets/images/navigation-grey-top.jpg"></file>
			<file href="sc2-sample-assets/images/navigation-lightgrey-bottom.jpg"></file>
			<file href="sc2-sample-assets/images/navigation-lightgrey-top.jpg"></file>
			<file href="sc2-sample-assets/images/navigation.bg.jpg"></file>
			<file href="sc2-sample-assets/images/programme-content-bl.jpg"></file>
			<file href="sc2-sample-assets/images/programme-content-br.jpg"></file>
			<file href="sc2-sample-assets/images/programme-content-tl.jpg"></file>
			<file href="sc2-sample-assets/images/programme-content-tr.jpg"></file>
			<file href="sc2-sample-assets/images/prototype.wires.png"></file>
			<file href="sc2-sample-assets/images/tab-active-tl.jpg"></file>
			<file href="sc2-sample-assets/images/tab-active-tr.jpg"></file>
			<file href="sc2-sample-assets/images/tab-inactive-hover-tl.jpg"></file>
			<file href="sc2-sample-assets/images/tab-inactive-hover-tr.jpg"></file>
			<file href="sc2-sample-assets/images/tab-inactive-tl.jpg"></file>
			<file href="sc2-sample-assets/images/tab-inactive-tr.jpg"></file>
			<file href="sc2-sample-assets/images/text.elearning.png"></file>
			<file href="sc2-sample-assets/images/wrapper-bl.jpg"></file>
			<file href="sc2-sample-assets/images/wrapper-br.jpg"></file>
			<file href="sc2-sample-assets/images/wrapper-tl.jpg"></file>
			<file href="sc2-sample-assets/images/wrapper-tr.jpg"></file>
			<file href="sc2-sample-assets/js/flashembed.js"></file>
			<file href="sc2-sample-assets/js/jquery.flash.js"></file>
			<file href="sc2-sample-assets/js/jquery.js"></file>
			<file href="sc2-sample-assets/js/programme.js"></file>
			<file href="sc2-sample-assets/js/scorm.js"></file>
			<file href="sc2-sample-assets/js/facebox/b.png"></file>
			<file href="sc2-sample-assets/js/facebox/bl.png"></file>
			<file href="sc2-sample-assets/js/facebox/br.png"></file>
			<file href="sc2-sample-assets/js/facebox/closelabel.gif"></file>
			<file href="sc2-sample-assets/js/facebox/facebox.css"></file>
			<file href="sc2-sample-assets/js/facebox/facebox.js"></file>
			<file href="sc2-sample-assets/js/facebox/loading.gif"></file>
			<file href="sc2-sample-assets/js/facebox/README.txt"></file>
			<file href="sc2-sample-assets/js/facebox/tl.png"></file>
			<file href="sc2-sample-assets/js/facebox/tr.png"></file>
			<file href="sc2-sample-assets/js/qtip/jquery.qtip.js"></file>
			<file href="sc2-sample-assets/programme-assets/images/exgraph.png"></file>
			<file href="sc2-sample-assets/programme-assets/images/fuse.jpg"></file>
			<file href="sc2-sample-assets/programme-assets/images/fuse_01.png"></file>
			<file href="sc2-sample-assets/programme-assets/images/fuse_02.png"></file>
			<file href="sc2-sample-assets/programme-assets/images/fuse_graph.png"></file>
			<file href="sc2-sample-assets/programme-assets/images/fuse_table.png"></file>
			<file href="sc2-sample-assets/programme-assets/images/hscrollbar2.png"></file>
			<file href="sc2-sample-assets/programme-assets/images/ohmmeter.png"></file>
			<file href="sc2-sample-assets/programme-assets/images/splash.png"></file>
			<file href="sc2-sample-assets/programme-assets/images/tellme.png"></file>
			<file href="sc2-sample-assets/programme-assets/images/tempupdn.png"></file>
			<file href="sc2-sample-assets/programme-assets/images/thiocross.png"></file>
			<file href="sc2-sample-assets/programme-assets/images/thiosulphate.jpg"></file>
			<file href="sc2-sample-assets/programme-assets/images/thiosulphate_graph.png"></file>
			<file href="sc2-sample-assets/programme-assets/images/thiosulphate_table.png"></file>
			<file href="sc2-sample-assets/programme-assets/images/tsulphate1.png"></file>
			<file href="sc2-sample-assets/programme-assets/images/wire.jpg"></file>
			<file href="sc2-sample-assets/programme-assets/images/z_fuse.jpg"></file>
			<file href="sc2-sample-assets/programme-assets/images/z_thiosulphate.jpg"></file>
			<file href="sc2-sample-assets/programme-assets/swf/fuse.swf"></file>
			<file href="sc2-sample-assets/programme-assets/swf/thiosulphate.swf"></file>
			<file href="sc2-sample-assets/swf/footprint_calculator.swf"></file>
			<file href="sc2-sample-assets/swf/picturegallery.swf"></file>
			<file href="sc2-sample-assets/swf/quiz.swf"></file>
			<file href="sc2-sample-assets/swf/scormquiz.swf"></file>
			<file href="sc2-sample-assets/swf/svplayer.swf"></file>
			<file href="sc2-sample-assets/swf/videoplayer.swf"></file>
			<file href="sc2-sample-assets/swf/videoplaylist.swf"></file>
			<file href="sc2-sample-assets/swf/videoplaylist2.swf"></file>
			<file href="sc2-sample-assets/swf/woodloader.swf"></file>
		</resource>
	</resources>

</manifest>
