﻿[{"start":9.07,"end":10.599,"text":"क्या आपने कभी नौ घंटे काम पर बिताये है"},{"start":10.9,"end":12.609,"text":"और यह महसूस किया है कि आपने कुछ भी पूरा नहीं किया?"},{"start":13.27,"end":13.72,"text":"पूरा नहीं किया?"},{"start":14.11,"end":15.46,"text":"आप पूरा दिन व्यस्त रहते हैं,"},{"start":15.49,"end":16.959,"text":"लेकिन आपको लगता है कि आपने जहाँ शुरू किया"},{"start":17.59,"end":18.61,"text":"उससे भी आप पीछे हैं।"},{"start":19.12,"end":20.889,"text":"प्रभावशाली समय प्रबंधन कौशल आपको"},{"start":21.16,"end":23.56,"text":"और अधिक कुशलतापूर्वक काम करने में मदद करेगी"},{"start":23.59,"end":25.24,"text":"ताकि आप उपजाऊ महसूस कर सकें"},{"start":25.57,"end":27.129,"text":"और अपने वर्कलोड से डट जाने के बारे"},{"start":27.61,"end":28.52,"text":"में कम चिंता करें।"},{"start":29.05,"end":30.84,"text":"और इस ब्रेइन बाईट के छोटे कोर्स में"},{"start":30.86,"end":32.529,"text":"हम आपको छह टिप्स देने वाले है जो आप"},{"start":32.68,"end":34.9,"text":"अधिक प्रभावी रूप से अपना समय प्रबंध करने में उपयोग कर पाएंगे।"},{"start":38.74,"end":39.46,"text":"पीटर ड्रूक्कर,"},{"start":39.7,"end":40.9,"text":"प्रबंधन गुरु,"},{"start":41.17,"end":41.56,"text":"ने कहा,"},{"start":41.98,"end":42.429,"text":"\"जो मापा जाता है,"},{"start":42.91,"end":44.589,"text":"प्रबंधित हो जाता है।\" यदि आप चाहते हैं"},{"start":44.77,"end":45.789,"text":"कि आपके समय का प्रबंधन बहुत आसान हो,"},{"start":46.225,"end":47.949,"text":"पहली बात करने की ज़रूरत है वह उपाय यह है कि"},{"start":48.1,"end":50.14,"text":"आपका समय कहाँ जा रहा है"},{"start":50.65,"end":51.81,"text":"यह वास्तव में करना आसान है"},{"start":52.06,"end":53.829,"text":"और कभी-कभी आपके"},{"start":53.95,"end":56.05,"text":"समय को मापने का कार्य ही"},{"start":56.17,"end":57.879,"text":"सबसे अच्छा काम है जो आप"},{"start":58.18,"end":58.84,"text":"अपने समय प्रबंधन में सुधार कर सकते हैं।"},{"start":59.44,"end":60.7,"text":"ऐसा का एक आसान तरीका है।"},{"start":61.12,"end":63.01,"text":"हमारे टाइम ऑडिट फ़ॉर्म का उपयोग करें"},{"start":63.22,"end":64.899,"text":"या इस डिज़ाइन का उपयोग करके खुद"},{"start":65.08,"end":65.59,"text":"अपना बनाएं।"},{"start":66.1,"end":67.75,"text":"प्रत्येक घंटे के अंत में"},{"start":68.05,"end":70.03,"text":"आपने जो काम पूरा किया है"},{"start":70.09,"end":70.99,"text":"उन्हें संक्षिप्त में लिख ले।"},{"start":71.2,"end":72.97,"text":"आप एक \"टाइम वेस्टर्स\" कॉलम देखेंगे।"},{"start":73.33,"end":74.38,"text":"उस घंटे के दौरान ऐसी कोई चीज़ हुई हो"},{"start":74.41,"end":76.21,"text":"जिसने आपकी उत्पादकता को बाधित किया हो"},{"start":76.27,"end":78.069,"text":"उनके लिए बॉक्स चेक करे"},{"start":78.37,"end":78.91,"text":"या लिख ले।"},{"start":79.42,"end":81.4,"text":"क्या आप अनिर्धारित फ़ोन कॉल लेते हैं?"},{"start":81.76,"end":82.78,"text":"ईमेल के उत्तर देते है?"},{"start":82.81,"end":83.98,"text":"ट्विटर पर चले जाते है?"},{"start":84.25,"end":85.659,"text":"या फिर अन्य कोई"},{"start":86.14,"end":87.64,"text":"समय बर्बादक आपको मिला?"},{"start":88.09,"end":88.389,"text":"समाचार पढ़ना,"},{"start":88.99,"end":89.709,"text":"सहकर्मिओ के साथ"},{"start":90.1,"end":91.15,"text":"थोड़ी बात करना,"},{"start":91.3,"end":92.83,"text":"अपने फोन पर गेम खेलना,"},{"start":93.22,"end":94.329,"text":"ऐसा कुछ भी जो आपके कार्यप्रवाह को बाधित करे"},{"start":94.93,"end":96.429,"text":"या आपको उतना उत्पादक बनने से रोके"},{"start":97.15,"end":98.26,"text":"जो आप हो सकते है"},{"start":98.76,"end":100.149,"text":"उन्हें \"टाइम वेस्टर्स\" कॉलम"},{"start":100.6,"end":100.99,"text":"में जोड़ें।"},{"start":101.92,"end":102.609,"text":"सप्ताह के अंत में,"},{"start":103.12,"end":104.469,"text":"प्रत्येक दिन के टाइम ऑडिट फॉर्म्स"},{"start":104.95,"end":105.82,"text":"की समीक्षा करें।"},{"start":106.33,"end":108.25,"text":"क्या आपने कोई पैटर्न नोटिस की?"},{"start":108.4,"end":110.11,"text":"क्या आप अगले हफ्ते अधिक उपजाऊ बनने के लिए"},{"start":110.47,"end":112.3,"text":"कोई सुधार कर सकते हैं?"},{"start":112.93,"end":114.519,"text":"आपको हर बार उस पर समय का उपयोग करने की"},{"start":114.79,"end":116.469,"text":"आवश्यकता नहीं है। जब आपको लगे कि आपमें समय की बेहतर"},{"start":116.89,"end":118.18,"text":"संभाल आ गई है"},{"start":118.45,"end":119.77,"text":"तो थोड़ी देर के लिए इसे दूर रखें,"},{"start":119.98,"end":121.659,"text":"लेकिन जब आप अनियंत्रित महसूस करने लगे तो"},{"start":122.205,"end":123.939,"text":"कुछ दिनों के लिए टाइम ऑडिट का उपयोग"},{"start":124.18,"end":124.9,"text":"शुरू करे।."},{"start":125.41,"end":127.089,"text":"ज्यादातर लोगों को कम से कम महीने में"},{"start":127.36,"end":128.68,"text":"एक या दो बार टाइम ऑडिट करने से"},{"start":128.979,"end":129.25,"text":"फायदा हो सकता है।"},{"start":133.82,"end":135.409,"text":"यदि आपका लक्ष्य महत्वपूर्ण चीजें पूर्ण करना है,"},{"start":135.71,"end":137.479,"text":"तो पहले हमें"},{"start":137.57,"end":139.94,"text":"यह पता लगाना होगा कि वास्तव में क्या महत्वपूर्ण है।"},{"start":140.66,"end":143.12,"text":"इस कदम के लिए आपके द्वारा अपनी प्राथमिकताओं को आउटपुट के संदर्भ में"},{"start":143.3,"end":143.959,"text":"अवश्य बताया जाना चाहिए,"},{"start":144.605,"end":146.42,"text":"जो कि पूर्ण होगा।"},{"start":147.53,"end":148.97,"text":"यह जितना लगता है उससे ज्यादा कठिन है।"},{"start":149.42,"end":151.159,"text":"कई लोग जो अपने समय को अच्छी तरह से"},{"start":151.31,"end":152.509,"text":"प्रबंधित नहीं कर रहे हैं, उनके लिए"},{"start":153.14,"end":154.939,"text":"उनकी प्राथमिकता वास्तव में वो करना है"},{"start":155.18,"end":155.57,"text":"जो उनके सामने है।"},{"start":156.11,"end":158.23,"text":"उनका दिन ई-मेल,"},{"start":158.24,"end":159.02,"text":"फोन कॉल और"},{"start":159.05,"end":160.639,"text":"अपने पास आने वाले अनुरोधों का उत्तर देने में ही जाता है"},{"start":160.94,"end":161.93,"text":"जो उनके घर जाने तक आते है।"},{"start":162.89,"end":164.66,"text":"इसे \"सक्रिय\" के बजाय"},{"start":164.84,"end":165.439,"text":"\"प्रतिक्रियाशील\" होना कहा जाता है"},{"start":166.085,"end":168.5,"text":"और यह आम तौर पर काम करने के लिए एक अप्रभावी"},{"start":168.59,"end":169.22,"text":"तरीका है।"},{"start":169.61,"end":171.109,"text":"स्टीफन कोवी की पुस्तक \"द 7"},{"start":171.5,"end":172.909,"text":"हेबिट्स ऑफ़ हाइली इफेक्टिव पीपल"},{"start":173.585,"end":175.309,"text":"में, उनकी पहली आदत"},{"start":175.49,"end":177.079,"text":"सक्रिय होना है: अपने"},{"start":177.44,"end":178.61,"text":"काम, अपना समय और"},{"start":178.85,"end":179.6,"text":"अपने जीवन का"},{"start":179.75,"end":180.38,"text":"प्रभार लेना है।"},{"start":181.26,"end":182.749,"text":"टिम फेरिस की किताब \"द 4-ऑवर"},{"start":183.35,"end":185.059,"text":"वर्क वीक \" में, वह आगे"},{"start":185.6,"end":187.279,"text":"कहते है कि  \"व्यस्तता आलस्य का एक"},{"start":187.64,"end":188.54,"text":"स्वरूप है\","},{"start":189.08,"end":190.759,"text":"कुछ ऐसा जो हम कर सकते हैं क्योंकि व्यस्त"},{"start":191.12,"end":192.84,"text":"होना हमें उपजाऊ महसूस कराता है"},{"start":193.43,"end":195.56,"text":"और अक्षमता से कड़ी मेहनत करना"},{"start":195.65,"end":197.179,"text":"शायद अधिक उपजाऊ बनने के लिए"},{"start":197.66,"end":199.039,"text":"वास्तव में हमारे कार्य को फिर से प्रबंधित करने की चुनौती से निपटने से"},{"start":200.06,"end":202.22,"text":"अधिक सरल हो सकता है।"},{"start":202.43,"end":204.38,"text":"वास्तव में अपने समय पर नियंत्रण रखने के लिए"},{"start":204.56,"end":206.359,"text":"आपको यह समझन शुरू करने की आवश्यकता है कि"},{"start":206.69,"end":207.23,"text":"क्या महत्वपूर्ण है।"},{"start":208.01,"end":209.51,"text":"हमारी प्राथमिकताओं के फॉर्म में,"},{"start":209.6,"end":210.86,"text":"या कागज की एक शीट पर,"},{"start":211.19,"end":212.509,"text":"ऐसी सात प्राथमिकताओं की सूची बनाओ"},{"start":213.2,"end":214.85,"text":"जो अभी आपके लिए महत्वपूर्ण हैं।"},{"start":215.72,"end":217.94,"text":"यदि आपको लगता है कि आपके लिए सात से भी ज्यादा है"},{"start":218.21,"end":219.739,"text":"तो इस सप्ताह पर काम करने के लिए"},{"start":220.07,"end":221.15,"text":"लिए सबसे महत्वपूर्ण प्राथमिकताओं को चुने"},{"start":221.54,"end":222.89,"text":"और बाद में अन्यो को बाद के लिए यद् रखे।"},{"start":223.31,"end":223.94,"text":"याद रखें कि"},{"start":224.12,"end":226.34,"text":"प्राथमिकताएं अपेक्षित परिणाम हैं"},{"start":226.37,"end":228.2,"text":"नहीं कि करनेवाली. हम उन सब के बारे में"},{"start":228.23,"end":229.5,"text":"चरण 4 में बात करेंगे।"},{"start":230.39,"end":232.159,"text":"नियमित रूप से आपकी प्राथमिकता सूची पे"},{"start":232.34,"end":233.96,"text":"दोबारा ध्यान देना एक अच्छा विचार है"},{"start":234.23,"end":235.82,"text":"क्योंकि इनमे से कुछ बदल जायेंगे।"},{"start":235.94,"end":237.019,"text":"कुछ परियोजनाएं समाप्त हो जाएंगी,"},{"start":237.65,"end":239.03,"text":"कुछ को जोड़ा भी जा सकता है।"},{"start":239.69,"end":241.399,"text":"आपकी प्राथमिकता सूची हमेशा"},{"start":241.61,"end":243.379,"text":"एक मार्गदर्शिका रहनी चाहिए, जहाँ आपके"},{"start":243.65,"end":245.33,"text":"अधिकांश काम अभी निर्देशित किए जा रहे हैं।"},{"start":249.08,"end":250.849,"text":"अब जब हमारी प्राथमिकता सूची हमें बता रही है"},{"start":251.18,"end":252.98,"text":"कि हमारे प्रयासों पर कहाँ ध्यान केन्द्रित करे,"},{"start":253.34,"end":255.41,"text":"हम इस बारे में सोचें कि हमें किस पर ध्यान केंद्रित"},{"start":255.53,"end":256.34,"text":"नहीं करना चाहिए।"},{"start":256.69,"end":258.11,"text":"हर काम में कुछ"},{"start":258.529,"end":260.48,"text":"चीजें ऐसी होती हैं जो हम नियंत्रित कर सकते हैं"},{"start":260.69,"end":262.009,"text":"और अन्यो को हम नहीं कर सकते।"},{"start":262.31,"end":263.929,"text":"स्टीफन कोवि इन्हे आपले"},{"start":264.23,"end":265.52,"text":"\"सर्कल ऑफ़ इन्फ़्लुएंस (प्रभाव के मंडल)\" कहते है।"},{"start":265.91,"end":266.449,"text":"यह स्पष्ट लगता है,"},{"start":266.93,"end":268.49,"text":"लेकिन अधिक उपजाऊ बनने के लिए,"},{"start":268.73,"end":270.529,"text":"हमें उन चीजों पर ध्यान देना चाहिए जिनका"},{"start":270.74,"end":271.94,"text":"हम नियंत्रण कर सकते हैं।"},{"start":272.18,"end":272.96,"text":"उदाहरण के लिए,"},{"start":273.32,"end":274.879,"text":"शायद आप एक दिन में कितने ई-मेल प्राप्त कर सकते हैं ये"},{"start":275.15,"end":276.5,"text":"आप नियंत्रित नहीं कर सकते,"},{"start":276.56,"end":278.149,"text":"लेकिन आप कितनी बार अपने ई-मेल देखेंगे"},{"start":278.63,"end":279.91,"text":"यह नियंत्रित कर सकते हैं।"},{"start":280.4,"end":282.65,"text":"यही चीज़ फोन कॉल और मीटिंग्स के लिए भी"},{"start":282.74,"end":283.66,"text":"हो सकती है।"},{"start":284.03,"end":286.06,"text":"आप आने वाले अनुरोधों को नियंत्रित नहीं कर सकते हैं,"},{"start":286.28,"end":287.87,"text":"लेकिन आप उन्हें कैसे और कब प्रतिक्रिया देंगे"},{"start":287.96,"end":289.81,"text":"- इस पर नियंत्रण कर सकते हैं"},{"start":290.18,"end":291.379,"text":"और आप कब उपलब्ध होंगे"},{"start":292.31,"end":293.39,"text":"और कब नहीं होंगे इसके लिए"},{"start":293.42,"end":294.65,"text":"अपेक्षाएं निर्धारित कर सकते हैं।"},{"start":295.1,"end":296.899,"text":"हो सकता है कि आप अपने साथ काम करने वाले"},{"start":297.53,"end":298.13,"text":"ग्राहकों के साथ और कब"},{"start":298.43,"end":299.27,"text":"और कहाँ उनके साथ काम"},{"start":299.3,"end":300.47,"text":"करेंगे इसका नियंत्रण आपके पास न हो।"},{"start":301.07,"end":301.579,"text":"उन चीजों के बारे में शिकायत करने में"},{"start":301.91,"end":303.74,"text":"समय और ऊर्जा बर्बाद न करे"},{"start":304.01,"end":305.27,"text":"जिन्हे आप बदल नहीं सकते हैं।"},{"start":305.69,"end":307.459,"text":"अपने \"सर्कल ऑफ़ इन्फ़्लुएंस (प्रभाव के मंडल \""},{"start":307.97,"end":308.81,"text":"में रही चीजों पर ध्यान दें।"},{"start":309.2,"end":311.48,"text":"अब तक हमने टाइम ऑडिट,"},{"start":311.78,"end":312.59,"text":"प्राथमिकताएं, और आपके"},{"start":312.98,"end":314.66,"text":"\"सर्कल ऑफ़ इन्फ़्लुएंस (प्रभाव के मंडल)\" के बारे में बात की है।"},{"start":315.08,"end":315.88,"text":"भाग-दो में,"},{"start":315.89,"end":317.48,"text":"हम टू-डू लिस्ट (करने वाली चीज़ो कि लिस्ट),"},{"start":317.72,"end":318.89,"text":"80/20 नियम और"},{"start":319.16,"end":320.25,"text":"टाइम वेस्टर्स के बारे में बात करेंगे।"}]