﻿[{"start":9.25,"end":10.06,"text":"भाग एक में,"},{"start":10.3,"end":11.799,"text":"हमने प्रभावी समय प्रबंधन के"},{"start":12.28,"end":13.93,"text":"पहले तीन चरणों को देखा:"},{"start":14.38,"end":15.25,"text":"समय ऑडिट,"},{"start":15.58,"end":16.24,"text":"प्राथमिकताएं,"},{"start":16.48,"end":18.25,"text":"और आपके प्रभाव के सर्किल."},{"start":18.7,"end":19.239,"text":"इस मॉड्यूल में,"},{"start":19.69,"end":21.97,"text":"हम पिछले तीन चरणों को देखेंगे:"},{"start":22.3,"end":22.99,"text":"टू-डू सूचियां,"},{"start":23.32,"end":24.46,"text":"80/20 नियम"},{"start":24.64,"end":25.97,"text":"और टाइम वेस्टरस."},{"start":30.01,"end":31.619,"text":"टू-डू सूची संभवत:"},{"start":32.22,"end":33.629,"text":"आपके समय प्रबंधन करने का सबसे"},{"start":34.05,"end":34.56,"text":"आसान और प्रभावी तरीका है।"},{"start":35.22,"end":36.029,"text":"आपकी टू-डू सूची प्रबंधित"},{"start":36.39,"end":38.039,"text":"करने में आपकी सहायता करने के लिए"},{"start":38.34,"end":40.62,"text":"माइक्रोसॉफ्ट आउटलुक ,"},{"start":40.96,"end":41.51,"text":"त्रेल्लो,"},{"start":41.94,"end":42.66,"text":"टूडलैडो, वंडरलिस्ट"},{"start":42.9,"end":44.13,"text":"और अधिक सहित बहुत सारे ऐप्स और प्रोग्राम हैं."},{"start":44.97,"end":46.439,"text":"लेकिन बहुत से लोगों को एक सादे पुरानी"},{"start":46.86,"end":48.599,"text":"पेन और कागजी टू-डू सूची ही उनके लिए"},{"start":48.9,"end":49.65,"text":"सर्वश्रेष्ठ काम करती ठीक लगती है।"},{"start":50.37,"end":52.14,"text":"हमने एक सैंपल फॉर्म प्रदान किया है"},{"start":52.65,"end":54.33,"text":"या आप किसी भी नोटबुक या कागज के पैड का"},{"start":54.39,"end":56.07,"text":"प्रयोग कर सकते हैं जो आपके हाथ में है।"},{"start":56.85,"end":58.499,"text":"वास्तव में एक उपयोगी टू-डू सूची बनाने के लिए"},{"start":58.92,"end":60.06,"text":"तीन कुंजियां(कीज़) हैं."},{"start":60.87,"end":62.639,"text":"सबसे पहले, इसमें सब कुछ होना चाहिए"},{"start":62.85,"end":64.98,"text":"और हमारा मतलब सब कुछ से है."},{"start":65.76,"end":65.999,"text":"सौंपे गए कार्य,"},{"start":66.675,"end":67.349,"text":"व्यक्तिगत कार्य,"},{"start":68.145,"end":69.51,"text":"महत्वपूर्ण चीजें,"},{"start":69.69,"end":70.44,"text":"अमहत्वपूर्ण चीजें."},{"start":71.13,"end":72.96,"text":"लेखक डेविड एलन ने अपनी पुस्तक"},{"start":73.47,"end":75.45,"text":"\"गेटिंग थिंग्स डन\" में कहा है कि"},{"start":75.48,"end":77.279,"text":"वह सब कुछ प्राप्त करना जो आपको अपने सिर से"},{"start":77.37,"end":77.94,"text":"बाहर करना है और"},{"start":78.33,"end":80.19,"text":"बाहर करना है और"},{"start":80.61,"end":82.379,"text":"केवल इतना कम होने की संभावना है कि आप कुछ"},{"start":82.53,"end":83.159,"text":"करना भूल जाएंगे,"},{"start":83.715,"end":85.289,"text":"बल्कि यह आपके तनाव स्तर को भी"},{"start":85.65,"end":86.01,"text":"भी कम कर देता है."},{"start":86.85,"end":88.539,"text":"दूसरा, प्रत्येक टू-डू आइटम का उसके"},{"start":88.77,"end":89.94,"text":"आगे एक समय होना चाहिए."},{"start":90.42,"end":92.46,"text":"सिर्फ \"एबीसी विक्रेता को कॉल करें\" न डाल दें,"},{"start":92.79,"end":94.74,"text":"डालें “एबीसी विक्रेता को"},{"start":95.04,"end":96.839,"text":"२० मिनट तक कॉल करें” यदि आपको लगता है"},{"start":97.05,"end":98.91,"text":"की उस कार्य को २० मिनट का समय लगेगा."},{"start":99.69,"end":101.369,"text":"समय की सूची होना महत्वपूर्ण है क्योंकि"},{"start":101.7,"end":103.319,"text":"एक दिन में हम कितना पूरा कर सकते हैं"},{"start":103.53,"end":105.39,"text":"इसके बारे में अवास्तविक होना आसान है."},{"start":106.08,"end":107.849,"text":"आप सोच सकते हैं कि आज आप अपने टू-डू लिस्ट"},{"start":107.97,"end":109.14,"text":"में छह आइटम कर सकते हैं."},{"start":109.62,"end":110.7,"text":"उचित लगता है,"},{"start":110.85,"end":112.77,"text":"जब तक कि प्रत्येक कार्य दो घंटे का हो."},{"start":113.13,"end":114.809,"text":"समय सूची आपको यह जानने में मदद करता है कि"},{"start":115.2,"end":116.88,"text":"आप आज क्या कर सकते हैं"},{"start":117.24,"end":118.739,"text":"और क्या पूरा नहीं कर सकते और आपके बॉस और आपके"},{"start":119.28,"end":120.81,"text":"सहकर्मियों के लिए भी और अधिक यथार्थवादी"},{"start":120.96,"end":121.83,"text":"प्रतिबद्धताओं को बनाने में आपकी मदद करता है."},{"start":122.76,"end":124.499,"text":"तीसरा, प्रत्येक टू-डू सूची आइटम के आगे"},{"start":124.8,"end":126.569,"text":" एक स्टार डालें जो आपकी"},{"start":126.75,"end":127.41,"text":"प्राथमिकताओं से मेल खाता है."},{"start":128.19,"end":129.96,"text":"उदाहरण के लिए, आपकी प्राथमिकताओं में से एक"},{"start":130.139,"end":131.7,"text":"नए ग्राहकों को प्राप्त करना हो और"},{"start":132.09,"end":133.769,"text":"आपकी कार्य करने की सूचियां में से एक"},{"start":134.07,"end":135,"text":"१० संभावनाओं को कॉल करने का हो सकता है."},{"start":135.63,"end":137.189,"text":"ऐसे टू-डू के आगे एक स्टार डालें क्योंकि"},{"start":137.52,"end":139.77,"text":"यह आपकी प्राथमिकताओं में से एक को प्राप्त करने में मदद कर रहा है."},{"start":140.79,"end":142.289,"text":"टू-डू सूची, आपके समय का बेहतर"},{"start":142.83,"end":144.539,"text":"बेहतर प्रबंधन करने के लिए"},{"start":144.93,"end":145.74,"text":"सबसे महत्वपूर्ण टुकड़ा है."},{"start":146.37,"end":148.019,"text":"हम दृढ़ता से अनुशंसा करते हैं कि"},{"start":148.35,"end":150.089,"text":"कि प्रत्येक दिन की शुरुआत में या पहले"},{"start":150.18,"end":151.35,"text":"भी शाम को अपनी टू-डू सूचियों को अपडेट"},{"start":151.74,"end":153.23,"text":"करने के लिए अलग-अलग समय सेट करें."},{"start":157.79,"end":160.01,"text":"आपने शायद पारेतो के सिद्धांत के बारे में सुना होगा."},{"start":160.22,"end":162.32,"text":"जिसे ८०/२० नियम भी कहा जाता है."},{"start":162.8,"end":164.224,"text":"नियम कहता है कि आपके ८०% परिणाम"},{"start":164.63,"end":166.309,"text":"अक्सर आपके २०%"},{"start":166.73,"end":167.93,"text":"प्रयासों में से आते हैं."},{"start":168.14,"end":169.789,"text":"आप अपने समय को कई तरीकों से प्रबंधित करने में सहायता के लिए"},{"start":170,"end":172.13,"text":"८०/२० नियम का उपयोग कर सकते हैं."},{"start":172.43,"end":174.109,"text":"सबसे पहले, आपकी टू-डू सूची और प्राथमिकता सूची"},{"start":174.26,"end":176.15,"text":"को फिर से देखें."},{"start":176.48,"end":178.009,"text":"हो सकता है कि आप केवल अपनी-अपनी प्राथमिकताओं से"},{"start":178.31,"end":180.59,"text":"मेल खाते पर ही काम करें."},{"start":180.83,"end":182.599,"text":"लेकिन सच्चाई यह है कि हर समय"},{"start":183.02,"end":184.399,"text":"१००% काम करना"},{"start":185.18,"end":185.81,"text":"मुश्किल है."},{"start":186.26,"end":188.24,"text":"दिन के दौरान आपका ऊर्जा स्तर"},{"start":188.33,"end":189.38,"text":"ऊपर-नीचे जाता है"},{"start":189.68,"end":191.239,"text":"और आप बड़े कार्यों के बीच"},{"start":191.57,"end":193.009,"text":"काम करने के लिए कुछ कम महत्वपूर्ण"},{"start":193.47,"end":194.39,"text":"चीजों से लाभ उठा सकते हैं."},{"start":194.93,"end":196.76,"text":"अंगूठे का एक अच्छा नियम यह है की"},{"start":196.82,"end":198.619,"text":"अपने प्राथमिकताओं की ओर काम करने के"},{"start":198.95,"end":200.299,"text":"८० % समय को निर्धारित करने के लिए, २०% से कम"},{"start":200.87,"end":202.549,"text":"काम के लिए अलग सेट करें, जो कि कम"},{"start":202.76,"end":203.72,"text":"महत्वपूर्ण लेकिन अभी"},{"start":203.87,"end":205.19,"text":"भी आवश्यक हो सकता है."},{"start":205.67,"end":207.379,"text":"आप अपने वर्कलोड के अन्य क्षेत्रों को फ़िल्टर करने के लिए"},{"start":207.68,"end":209.82,"text":"८०/२० नियम का उपयोग भी कर सकते हैं."},{"start":210.32,"end":212.059,"text":"यदि आपकी सेल्स का ८०% अपने"},{"start":212.33,"end":214.43,"text":"ग्राहकों के २० से आता हैं,"},{"start":214.76,"end":216.67,"text":"तो आप उस २०% पर ध्यान केंद्रित"},{"start":216.68,"end":218.24,"text":"करने के लिए कैसे संवाद कर सकते हैं?"},{"start":218.96,"end":220.099,"text":"यदि आपके ८०% रुकावटें"},{"start":220.79,"end":223.19,"text":"आपके सहकर्मियों के २०% से आती हैं,"},{"start":223.53,"end":225.019,"text":"तो क्या आप उस २०% को कम करने के लिए"},{"start":225.56,"end":226.7,"text":"कुछ अलग तरीके से कर सकते हैं?"},{"start":231.17,"end":232.66,"text":"समय के ऑडिट में,"},{"start":232.84,"end":234.399,"text":"आपने एक ईमानदार नज़र ली है कि"},{"start":234.76,"end":236.259,"text":"आपका समय उस समय में भी"},{"start":236.77,"end":238.509,"text":"शामिल होता है, जो ई-मेल"},{"start":238.81,"end":240.01,"text":"की जांच या समाचार पढ़ने जैसी चीजों पर"},{"start":240.04,"end":241.21,"text":"बेकार हो सकता है."},{"start":241.84,"end":243.439,"text":"प्रभाव के चक्र में हमने उन चीजों को सूचीबद्ध किया है"},{"start":243.87,"end":244.93,"text":"जो आप नियंत्रित कर सकते हैं"},{"start":244.96,"end":246.25,"text":"या नहीं कर सकते."},{"start":246.9,"end":248.499,"text":"अब इस कदम में हम उन चीजों का उपयोग करने के तरीकों को देखेंगे"},{"start":248.71,"end":250.329,"text":"जिनसे आप अपने समय गवांने वाले ढंग को"},{"start":250.72,"end":252.339,"text":"बेहतर करने के लिए नियंत्रित"},{"start":252.79,"end":253.45,"text":"कर सकते हैं."},{"start":253.72,"end":255.79,"text":"ई-मेल बहुत से लोगों के लिए बहुत बड़ा है."},{"start":256.089,"end":257.8,"text":"हम यह महसूस करना पसंद करते हैं की हम लगातार जुड़े हुए हैं,"},{"start":258.339,"end":260.109,"text":"इसलिए हम पूरे दिन हमारे कंप्यूटर पर"},{"start":260.23,"end":261.46,"text":"हमारे ई-मेल प्रोग्राम को खुला रखतें हैं"},{"start":261.899,"end":263.109,"text":"और हम हमारे ई-मेल को हमारे फोन या"},{"start":263.56,"end":264.23,"text":"टेबलेट के माध्यम से भी प्राप्त करते हैं."},{"start":264.96,"end":266.679,"text":"लेकिन इसके बारे में सोचें: यदि आप"},{"start":266.8,"end":268.029,"text":"एक घंटे के लिए अपना ई-मेल नहीं जांचते हैं,"},{"start":268.495,"end":269.86,"text":"तो क्या होगा?"},{"start":270.52,"end":271.54,"text":"दो घंटे के बारे में क्या?"},{"start":272.23,"end":273.639,"text":"या क्या ओगा अगर आप एक दिन में केवल एक या दो बार"},{"start":274.06,"end":275.23,"text":"अपने ई-मेल की जाँच करते हैं."},{"start":275.95,"end":277.649,"text":"क्या आपको वह ई-मेल प्राप्त होता है"},{"start":278.32,"end":279.999,"text":"जो की अधिक बार"},{"start":280.165,"end":280.33,"text":"संभाला जाना चाहिए ?"},{"start":281.05,"end":281.83,"text":"अपनी पुस्तक"},{"start":282.04,"end":283.51,"text":"\"मल्टी-टास्किंग का मिथ\","},{"start":284.08,"end":285.549,"text":"में लेखक और उत्पादकता गुरु"},{"start":286.03,"end":288.25,"text":"डेव क्रेंशॉ बताते हैं कि"},{"start":288.28,"end":289.359,"text":"ई-मेल, फोन कॉल या"},{"start":289.96,"end":290.74,"text":"अन्य स्रोतों"},{"start":290.77,"end":292.014,"text":"से किस तरह के"},{"start":292.75,"end":294.369,"text":"रुकावट हमारे उत्पादक समय के"},{"start":294.85,"end":296.71,"text":"३० से ५० प्रतिशत को लूटते हैं."},{"start":297.58,"end":298.36,"text":"दूसरे शब्दों में,"},{"start":298.42,"end":300.16,"text":"जो हम रुकावट के साथ"},{"start":300.22,"end":301.959,"text":"आठ घंटों में पूरा करते हैं"},{"start":302.17,"end":303.909,"text":"वह चार घंटों में भी समाप्त हो सकता है"},{"start":304.12,"end":306.25,"text":"अगर हम एक समय पर एक बात पर ही ध्यान केंद्रित करे."},{"start":306.67,"end":308.35,"text":"कुंजी को कुछ \"बैचिंग\""},{"start":308.62,"end":309.19,"text":"कहा जाता है."},{"start":310.06,"end":311.709,"text":"ई-मेल का जवाब देने में हर मिनट"},{"start":312.04,"end":312.909,"text":"कुछ घंटे खर्च करने के बजाय,"},{"start":313.66,"end":314.889,"text":"उन्हें एक या दो दैनिक"},{"start":315.13,"end":316.869,"text":"बैचों में मिलाएँ, जहां आप"},{"start":317.02,"end":318.7,"text":"अपने इनबॉक्स को साफ करने पर ध्यान केंद्रित करने के लिए"},{"start":318.85,"end":320.77,"text":"दूसरे काम को अलग कर सकते हैं."},{"start":321.28,"end":323.079,"text":"अन्य समय ख़राब करने वाले, जैसे"},{"start":323.17,"end":324.489,"text":"जैसे समाचार पकड़ना, खेल खेलना,"},{"start":325.015,"end":326.26,"text":"सोशल मीडिया देखने और"},{"start":326.29,"end":327.01,"text":"इसी तरह,"},{"start":327.25,"end":329.32,"text":"ब्रेक के दौरान या आपके कार्यदिवस के दौरान"},{"start":329.62,"end":330.46,"text":"अन्य बैचों में"},{"start":330.61,"end":331.79,"text":"विभाजित किया जा सकता है."},{"start":332.47,"end":334.19,"text":"व्यक्तिगत-संचार के बारे में क्या?"},{"start":334.75,"end":335.259,"text":"आपके और आपके सहकर्मियों"},{"start":336.19,"end":337.629,"text":"के बीच होने वाली"},{"start":338.14,"end":338.91,"text":"नियमित बातचीत और अनुरोध."},{"start":339.85,"end":341.93,"text":"डेव क्रेंशॉ सलाह देतें है की अपनी नियमित रूप से"},{"start":342.07,"end":342.97,"text":"पोस्ट ऑफिस के घंटों"},{"start":343.3,"end":345.43,"text":"आवर्ती बैठकों के लिए उन बैचों में उन को बैठाया"},{"start":345.82,"end":347.559,"text":"ताकि आप अपने काम पर ध्यान केंद्रित करने के लिए"},{"start":347.95,"end":349.18,"text":"बिना रूकावट के समय को रोक सकें."},{"start":349.81,"end":352,"text":"इस का एक बड़ा उदाहरण एक कंपनी है"},{"start":352.13,"end":353.559,"text":"जो फोकस टाइम के रूप में ९:३० बजे से ११:३० बजे तक"},{"start":354.25,"end":355.84,"text":"में नामित किया गया है."},{"start":356.62,"end":357.279,"text":"इन घंटों के दौरान,"},{"start":357.85,"end":359.559,"text":"कर्मचारियों को जहां भी संभव हो,"},{"start":359.71,"end":361.48,"text":"परियोजना के काम पर ध्यान देने की उम्मीद दी गई"},{"start":361.99,"end":364.21,"text":"और उम्मीद नहीं की गई थी कि वे मीटिंग्स को शेड्यूल करें या"},{"start":364.24,"end":365.55,"text":"फ़ोन कॉल, ई-मेल, या"},{"start":365.65,"end":367.24,"text":"चैट संदेशों को उत्तर दें."},{"start":367.87,"end":369.489,"text":"चूंकि हर कोई जानता है कि वे अपने प्रश्नों का"},{"start":369.91,"end":371.519,"text":"ध्यान केंद्रित समय के बाहर उत्तर प्राप्त कर सकते हैं,"},{"start":372.095,"end":374.53,"text":"तो यह अपेक्षाकृत निर्बाध के साथ"},{"start":374.56,"end":375.789,"text":"हर किसी को आराम करने और उत्पादक काम पर"},{"start":376.6,"end":378.14,"text":"ध्यान देने की अनुमति देता है."},{"start":381.55,"end":383.149,"text":"इस मिनी कोर्स में हमने आपको"},{"start":383.39,"end":385.34,"text":"अधिक से अधिक समय प्रबंधन के लिए"},{"start":385.4,"end":386.45,"text":"छह कदम दिए हैं."},{"start":387.08,"end":388.88,"text":"नियमित समय ऑडिट करना,"},{"start":389.3,"end":390.259,"text":"अपनी वर्तमान प्राथमिकताओं को सूचीबद्ध करना,"},{"start":391.4,"end":393.35,"text":"समझना की आप क्या कर सकतें है"},{"start":393.38,"end":394.129,"text":"और क्या नियंत्रित नहीं कर सकते,"},{"start":394.865,"end":396.049,"text":"80/20 नियम का उपयोग करके"},{"start":396.41,"end":397.399,"text":"समय और प्राथमिकता के साथ एक"},{"start":398.06,"end":400.04,"text":"टू-डू सूची बनाना और अपने"},{"start":400.58,"end":402.62,"text":"समय ख़राब करने वालो का  प्रबंधन करना."},{"start":403.31,"end":405.019,"text":"यदि आप गहराई से अपना समय अधिक उत्पादक रूप से"},{"start":405.62,"end":406.489,"text":"प्रबंधित करने के बारे में जानना चाहते हैं,"},{"start":407.12,"end":408.859,"text":"तो हम चार महान पुस्तकों की"},{"start":409.25,"end":409.85,"text":"सलाह देते हैं."},{"start":410.12,"end":411.769,"text":"स्टेफेन कोवे द्वारा “द सैवन"},{"start":412.28,"end":413.75,"text":"हैबिट्स ऑफ़ हाइली एफ्फेक्टिव पीपल”."},{"start":414.59,"end":416.059,"text":"डेविड एलन द्वारा"},{"start":416.45,"end":416.84,"text":"“गेटिंग थिंग्स डन”."},{"start":417.53,"end":419.089,"text":"टीम फेरिस द्वारा"},{"start":419.45,"end":420.02,"text":"“द फोर-ऑवर वर्क वीक”."},{"start":420.14,"end":421.369,"text":"और डेव क्रेंशो द्वारा"},{"start":422.33,"end":423.62,"text":"\"मिथ ऑफ़ मल्टी-टास्किंग”."},{"start":424.4,"end":426.079,"text":"अंत में, सुनिश्चित करें कि आप"},{"start":426.5,"end":428.12,"text":"कुछ समय आत्म सुधार,"},{"start":428.48,"end":430.159,"text":" जाँच सहित हमारे बाकी के ब्रेन बाइट्स"},{"start":430.5,"end":431.96,"text":"उत्पादकता पाठ्यक्रम के लिए भी निकालें."}]