<?xml version="1.0" standalone="no" ?>

<!-- Created with Trident, the SCORM IDE - http://www.scormsoft.com -->
<manifest identifier="MANIFEST_IDENTIFIER" version="1.0"
    xmlns="http://www.imsglobal.org/xsd/imscp_v1p1"
    xmlns:adlcp="http://www.adlnet.org/xsd/adlcp_v1p3"
    xmlns:adlnav="http://www.adlnet.org/xsd/adlnav_v1p3"
    xmlns:adlseq="http://www.adlnet.org/xsd/adlseq_v1p3"
    xmlns:imsss="http://www.imsglobal.org/xsd/imsss" 
    xmlns:lom="http://ltsc.ieee.org/xsd/LOM" 
    xmlns:xsi="http://www.w3.org/2001/XMLSchema-instance"
    xsi:schemaLocation="http://www.imsglobal.org/xsd/imscp_v1p1 imscp_v1p1.xsd
                        http://www.adlnet.org/xsd/adlcp_v1p3 adlcp_v1p3.xsd
                        http://www.adlnet.org/xsd/adlnav_v1p3 adlnav_v1p3.xsd
                        http://www.adlnet.org/xsd/adlseq_v1p3 adlseq_v1p3.xsd
                        http://www.imsglobal.org/xsd/imsss imsss_v1p0.xsd
                        http://ltsc.ieee.org/xsd/LOM lom.xsd">
	
	<metadata>
		<schema>ADL SCORM</schema>
		<schemaversion>2004 3rd Edition</schemaversion>
	</metadata>
	
	<organizations default="ORG-89484">
		<organization identifier="ORG-89484" structure="hierarchical">
			<title>SCORM Sample Physics: Fields</title>
			<item identifier="ACT-692735" identifierref="RES-110843">
				<title>Index</title>
			</item>
		</organization>
	</organizations>

	<resources>
		<resource identifier="RES-110843" type="webcontent" adlcp:scormType="asset" href="fields-sample-assets/introduction.html">
			<file href="fields-sample-assets/introduction.html"></file>
			<file href="fields-sample-assets/magfieldplot__mf-theory.html"></file>
			<file href="fields-sample-assets/magfieldplot__mfield-expt.html"></file>
			<file href="fields-sample-assets/css/clears.css"></file>
			<file href="fields-sample-assets/css/ie.css"></file>
			<file href="fields-sample-assets/css/ie7.css"></file>
			<file href="fields-sample-assets/css/navigation.css"></file>
			<file href="fields-sample-assets/css/pjstyles.css"></file>
			<file href="fields-sample-assets/css/reset.css"></file>
			<file href="fields-sample-assets/css/rtl-styles.css"></file>
			<file href="fields-sample-assets/css/styles.css"></file>
			<file href="fields-sample-assets/css/typography.css"></file>
			<file href="fields-sample-assets/images/arrow.down.png"></file>
			<file href="fields-sample-assets/images/arrow.left.png"></file>
			<file href="fields-sample-assets/images/arrow.right.png"></file>
			<file href="fields-sample-assets/images/arrow.up.png"></file>
			<file href="fields-sample-assets/images/background.jpg"></file>
			<file href="fields-sample-assets/images/content-column-bl.jpg"></file>
			<file href="fields-sample-assets/images/content-column-br.jpg"></file>
			<file href="fields-sample-assets/images/content-column-tl.jpg"></file>
			<file href="fields-sample-assets/images/content-column-tr.jpg"></file>
			<file href="fields-sample-assets/images/header-bl.jpg"></file>
			<file href="fields-sample-assets/images/header-br.jpg"></file>
			<file href="fields-sample-assets/images/header-content-bl.jpg"></file>
			<file href="fields-sample-assets/images/header-content-br.jpg"></file>
			<file href="fields-sample-assets/images/header-content-tl.jpg"></file>
			<file href="fields-sample-assets/images/header-content-tr.jpg"></file>
			<file href="fields-sample-assets/images/header-tl.jpg"></file>
			<file href="fields-sample-assets/images/header-tr.jpg"></file>
			<file href="fields-sample-assets/images/help.png"></file>
			<file href="fields-sample-assets/images/logo.accountpage.png"></file>
			<file href="fields-sample-assets/images/logo.alternative.png"></file>
			<file href="fields-sample-assets/images/logo.png"></file>
			<file href="fields-sample-assets/images/navigation-blue-bottom.jpg"></file>
			<file href="fields-sample-assets/images/navigation-blue-top.jpg"></file>
			<file href="fields-sample-assets/images/navigation-darkblue-bottom.jpg"></file>
			<file href="fields-sample-assets/images/navigation-grey-bottom.jpg"></file>
			<file href="fields-sample-assets/images/navigation-grey-top.jpg"></file>
			<file href="fields-sample-assets/images/navigation-lightgrey-bottom.jpg"></file>
			<file href="fields-sample-assets/images/navigation-lightgrey-top.jpg"></file>
			<file href="fields-sample-assets/images/navigation.bg.jpg"></file>
			<file href="fields-sample-assets/images/programme-content-bl.jpg"></file>
			<file href="fields-sample-assets/images/programme-content-br.jpg"></file>
			<file href="fields-sample-assets/images/programme-content-tl.jpg"></file>
			<file href="fields-sample-assets/images/programme-content-tr.jpg"></file>
			<file href="fields-sample-assets/images/prototype.wires.png"></file>
			<file href="fields-sample-assets/images/tab-active-tl.jpg"></file>
			<file href="fields-sample-assets/images/tab-active-tr.jpg"></file>
			<file href="fields-sample-assets/images/tab-inactive-hover-tl.jpg"></file>
			<file href="fields-sample-assets/images/tab-inactive-hover-tr.jpg"></file>
			<file href="fields-sample-assets/images/tab-inactive-tl.jpg"></file>
			<file href="fields-sample-assets/images/tab-inactive-tr.jpg"></file>
			<file href="fields-sample-assets/images/text.elearning.png"></file>
			<file href="fields-sample-assets/images/wrapper-bl.jpg"></file>
			<file href="fields-sample-assets/images/wrapper-br.jpg"></file>
			<file href="fields-sample-assets/images/wrapper-tl.jpg"></file>
			<file href="fields-sample-assets/images/wrapper-tr.jpg"></file>
			<file href="fields-sample-assets/js/flashembed.js"></file>
			<file href="fields-sample-assets/js/jquery.flash.js"></file>
			<file href="fields-sample-assets/js/jquery.js"></file>
			<file href="fields-sample-assets/js/programme.js"></file>
			<file href="fields-sample-assets/js/scorm.js"></file>
			<file href="fields-sample-assets/js/facebox/b.png"></file>
			<file href="fields-sample-assets/js/facebox/bl.png"></file>
			<file href="fields-sample-assets/js/facebox/br.png"></file>
			<file href="fields-sample-assets/js/facebox/closelabel.gif"></file>
			<file href="fields-sample-assets/js/facebox/facebox.css"></file>
			<file href="fields-sample-assets/js/facebox/facebox.js"></file>
			<file href="fields-sample-assets/js/facebox/loading.gif"></file>
			<file href="fields-sample-assets/js/facebox/README.txt"></file>
			<file href="fields-sample-assets/js/facebox/tl.png"></file>
			<file href="fields-sample-assets/js/facebox/tr.png"></file>
			<file href="fields-sample-assets/js/qtip/jquery.qtip.js"></file>
			<file href="fields-sample-assets/programme-assets/images/field_btn.png"></file>
			<file href="fields-sample-assets/programme-assets/images/fl_fullscreen.png"></file>
			<file href="fields-sample-assets/programme-assets/images/grid_btn.png"></file>
			<file href="fields-sample-assets/programme-assets/images/hhcoileqn.png"></file>
			<file href="fields-sample-assets/programme-assets/images/hhcoils.jpg"></file>
			<file href="fields-sample-assets/programme-assets/images/mfield-eqn1.png"></file>
			<file href="fields-sample-assets/programme-assets/images/mfield-eqn2.png"></file>
			<file href="fields-sample-assets/programme-assets/images/mfield-eqn3.png"></file>
			<file href="fields-sample-assets/programme-assets/images/mfield-eqn4.png"></file>
			<file href="fields-sample-assets/programme-assets/images/solenoid-1.png"></file>
			<file href="fields-sample-assets/programme-assets/images/splash.png"></file>
			<file href="fields-sample-assets/programme-assets/images/z_hhcoils.jpg"></file>
			<file href="fields-sample-assets/programme-assets/swf/solenoid.swf"></file>
			<file href="fields-sample-assets/swf/footprint_calculator.swf"></file>
			<file href="fields-sample-assets/swf/picturegallery.swf"></file>
			<file href="fields-sample-assets/swf/quiz.swf"></file>
			<file href="fields-sample-assets/swf/scormquiz.swf"></file>
			<file href="fields-sample-assets/swf/svplayer.swf"></file>
			<file href="fields-sample-assets/swf/videoplayer.swf"></file>
			<file href="fields-sample-assets/swf/videoplaylist.swf"></file>
			<file href="fields-sample-assets/swf/videoplaylist2.swf"></file>
			<file href="fields-sample-assets/swf/woodloader.swf"></file>
		</resource>
	</resources>

</manifest>
