<?xml version="1.0" encoding="iso-8859-1"?>
<course title="Workplace Safety - Active Shooter - FREE SAMPLE" id="pp16_adv">

     <pages>
		<page id="1" displayText="Module 01: Introduction" link="//view.vzaar.com/8852020/player" type="html" keywords="Introduction" tooltip="Introduction"/>
		<page id="2" displayText="Module 01: Check Your Understanding 1" link="cyu.html?xml=p1.xml" type="cyu" keywords="Check Your Understanding 1" tooltip="Check Your Understanding 1"/>
		<page id="3" displayText="Module 02: How We React" link="//view.vzaar.com/8851981/player" type="html" keywords="How We React" tooltip="How We React"/>
		<page id="4" displayText="Module 04: For More Information" link="//view.vzaar.com/19626244/player" type="html" keywords="For More Information" tooltip="For More Information"/>
	</pages>
	<transcript available="0">
		<lang name="Spanish" lang="sp" image="sp.png"/>
		<lang name="English" lang="en" image="en.png"/>
	</transcript>
	
</course>
	