<?xml version="1.0" encoding="iso-8859-1"?>
<template>
<quiz title="Check Your Understanding">
	
	<assessment questionType="MCQ" Answer="4" >
		<question qnImagePath=""><![CDATA[<p>The wolf (shooter) can be:<br/><br/></p><span class="inst"><i>Select the correct answer and click <b>Submit</b>.</i></span>]]></question>
		<choice>
			<options><![CDATA[a.	Current/former co-worker]]></options>
			<options><![CDATA[b.	Relative of current/former co-worker]]></options>
			<options><![CDATA[c.	Random stranger]]></options>
			<options><![CDATA[d.	Any of the above]]></options>
		</choice>
	</assessment>
	
	<feedback>
		<correct><![CDATA[That's correct! ]]></correct>
		<incorrect><![CDATA[That's incorrect!]]></incorrect>
		
	</feedback>
	
</quiz>
</template>

