﻿[{"start":5.95,"end":7.449,"text":"One of the new things that Microsoft"},{"start":7.45,"end":9.3,"text":"has added in Outlook 2019 are"},{"start":9.31,"end":10.878,"text":"some of the collaboration tools,"},{"start":11.17,"end":12.885,"text":"specifically how it integrates with"},{"start":13.3,"end":14.3,"text":"OneDrive."},{"start":14.47,"end":15.793,"text":"So let's take a look at the"},{"start":15.97,"end":16.97,"text":"attachments."},{"start":17.03,"end":18.745,"text":"We're in an e-mail that we're ready"},{"start":19,"end":20,"text":"to send."},{"start":20.14,"end":21.757,"text":"We're going to go ahead and go to"},{"start":22.18,"end":24.03,"text":"Attach File on the ribbon."},{"start":26.48,"end":28.039,"text":"And you'll notice that we can browse"},{"start":28.04,"end":29.461,"text":"both the web locations, which"},{"start":29.93,"end":32.42,"text":"is OneDrive, or Browse This PC."},{"start":33.83,"end":33.919,"text":"Mhm."},{"start":33.92,"end":35.179,"text":"But look at our list. We actually"},{"start":35.18,"end":36.699,"text":"have a data file that we worked"},{"start":37.01,"end":39.06,"text":"on earlier that we want to send."},{"start":39.11,"end":40.099,"text":"And you'll notice that it has the"},{"start":40.1,"end":41.409,"text":"picture of the cloud there on the"},{"start":41.41,"end":43.19,"text":"side so we know where it's stored,"},{"start":43.49,"end":44.329,"text":"on the cloud."},{"start":44.33,"end":44.463,"text":"I see."},{"start":44.464,"end":45.665,"text":"Go ahead and click on that."},{"start":47.48,"end":48.905,"text":"And it brings up a couple of things,"},{"start":48.98,"end":50.72,"text":"Share link and Attach as a"},{"start":50.99,"end":52.55,"text":"copy. What's the difference?"},{"start":52.94,"end":54.019,"text":"So the Share link is the"},{"start":54.02,"end":55.31,"text":"collaboration tool."},{"start":55.37,"end":56.987,"text":"That means that whoever gets this"},{"start":57.32,"end":58.986,"text":"message they will just have a link"},{"start":59.15,"end":60.15,"text":"to that file."},{"start":60.23,"end":61.469,"text":"When they click on it, it'll take"},{"start":61.47,"end":63.087,"text":"them to OneDrive and then they'll"},{"start":63.32,"end":65.084,"text":"be able to work on the original file"},{"start":65.3,"end":66.679,"text":"there. There's just one version of"},{"start":66.68,"end":68.267,"text":"the file. If I attach it as a copy,"},{"start":68.268,"end":69.689,"text":"now we have multiple versions"},{"start":70.31,"end":71.31,"text":"that are out there."},{"start":72.29,"end":73.907,"text":"Mm. So with the Share link if you"},{"start":73.94,"end":76.1,"text":"want to see what other edits"},{"start":76.19,"end":77.709,"text":"other people do, that's the one"},{"start":78.17,"end":79.17,"text":"to send."},{"start":79.31,"end":80.509,"text":"But if you just want them to have a"},{"start":80.51,"end":82.23,"text":"copy of what it currently is,"},{"start":82.61,"end":84.48,"text":"you would Attach as a copy."},{"start":84.62,"end":85.62,"text":"Exactly right."},{"start":85.79,"end":87.429,"text":"So let's go ahead and click on Share"},{"start":87.43,"end":88.43,"text":"link."},{"start":92.64,"end":94.169,"text":"So now you'll see the file that's"},{"start":94.17,"end":95.738,"text":"attached, but you'll also notice"},{"start":95.85,"end":97.56,"text":"that there's a permission setting on"},{"start":97.57,"end":98.57,"text":"there."},{"start":99.93,"end":100.619,"text":"Hm, this \"Anyone can edit\"?"},{"start":100.62,"end":102.139,"text":"That's right. So right-click on"},{"start":102.6,"end":103.89,"text":"the file itself."},{"start":105.03,"end":107.16,"text":"Go down to Change Permissions,"},{"start":107.85,"end":109.019,"text":"and you'll notice quite a few"},{"start":109.02,"end":110.58,"text":"options that you can change."},{"start":110.67,"end":112.019,"text":"Yeah, there are couple different"},{"start":112.02,"end":113.86,"text":"things for Anyone, Anyone Can Edit,"},{"start":114.3,"end":115.721,"text":"Anyone Can View, but also the"},{"start":116.16,"end":117.9,"text":"organization gets those two options,"},{"start":117.96,"end":119.22,"text":"as well as the recipients."},{"start":120.3,"end":121.799,"text":"Mhm. So this allows you to set it so"},{"start":121.8,"end":123.269,"text":"that people can view it without"},{"start":123.27,"end":124.985,"text":"being able to make changes or those"},{"start":125.13,"end":126.389,"text":"you want to make changes could"},{"start":126.39,"end":127.41,"text":"actually do so."},{"start":127.71,"end":129.309,"text":"Why don't we set this just to"},{"start":129.32,"end":130.769,"text":"viewing. I want you to be able to"},{"start":130.77,"end":132.436,"text":"see it, but right now I don't want"},{"start":132.51,"end":133.72,"text":"you to make changes to it."},{"start":137.84,"end":138.84,"text":"It shows up there now."},{"start":138.88,"end":140.84,"text":"It's changed to Anyone can view."},{"start":141.11,"end":142.46,"text":"Right, instead of editing."},{"start":142.93,"end":144.039,"text":"So that's one of the main"},{"start":144.04,"end":145.269,"text":"differences here is how we're going"},{"start":145.27,"end":146.27,"text":"to collaborate."},{"start":146.41,"end":147.609,"text":"Let's go ahead and send that"},{"start":147.61,"end":148.61,"text":"message."},{"start":151.34,"end":152.599,"text":"And then just one other thing that's"},{"start":152.6,"end":153.709,"text":"a little different with these"},{"start":153.71,"end":154.849,"text":"attachments that are in the cloud,"},{"start":154.85,"end":156.124,"text":"go ahead and click on that"},{"start":156.74,"end":157.699,"text":"message that we got."},{"start":157.7,"end":159.73,"text":"We actually sent it to ourself"},{"start":159.77,"end":160.77,"text":"here."},{"start":161.94,"end":163.369,"text":"You'll see that data file, again and"},{"start":163.37,"end":164.64,"text":"you'll see the picture of the cloud."},{"start":165.51,"end":165.787,"text":"Mhm."},{"start":165.788,"end":166.709,"text":"Sometimes I like to drag and drop an"},{"start":166.71,"end":168.376,"text":"attachment into a file folder that"},{"start":168.54,"end":169.499,"text":"I have open."},{"start":169.5,"end":170.97,"text":"So go ahead and just take that"},{"start":171.18,"end":172.601,"text":"attachment, just drag it down"},{"start":173.1,"end":175.23,"text":"to our File Explorer window"},{"start":179.04,"end":180.509,"text":"and what it does here is it puts a"},{"start":180.51,"end":181.51,"text":"copy of the file in"},{"start":182.43,"end":183.239,"text":"this folder."},{"start":183.24,"end":185.004,"text":"So even though that was a cloud link"},{"start":185.03,"end":186.629,"text":"and a cloud attachment, when we drag"},{"start":186.63,"end":188.039,"text":"and drop it that way, it's a copy in"},{"start":188.04,"end":188.329,"text":"a folder."},{"start":188.33,"end":189.989,"text":"Okay. So it's just made a duplicate,"},{"start":189.99,"end":191.509,"text":"it won't get those updates that"},{"start":191.67,"end":192.67,"text":"happen on the cloud."},{"start":192.69,"end":192.799,"text":"Mhm."},{"start":192.8,"end":193.329,"text":"Okay."},{"start":193.33,"end":194.129,"text":"Exactly right."},{"start":194.13,"end":195.747,"text":"So those are the new features for"},{"start":195.78,"end":197.469,"text":"integration that are here in Outlook"},{"start":197.79,"end":198.79,"text":"2019."},{"start":199.31,"end":199.78,"text":"Very hopeful!"}]