﻿[{"start":6.31,"end":7.779,"text":"Kathy, I'm noticing at the top of"},{"start":7.78,"end":9.73,"text":"the Inbox here Focused"},{"start":9.79,"end":10.719,"text":"and Other."},{"start":10.72,"end":11.72,"text":"What are those for?"},{"start":13.03,"end":14.649,"text":"Good question. That's a new feature"},{"start":14.65,"end":16.19,"text":"in Outlook 2019."},{"start":16.93,"end":18.106,"text":"And Outlook is trying to"},{"start":18.76,"end":20.181,"text":"differentiate in your e-mails"},{"start":20.47,"end":21.729,"text":"between ones that you want to see"},{"start":21.73,"end":23.289,"text":"right now and ones that you might"},{"start":23.29,"end":24.29,"text":"want to look at later."},{"start":24.79,"end":26.456,"text":"So if you were trying to make that"},{"start":26.74,"end":28.063,"text":"decision in your e-mail, in"},{"start":28.6,"end":29.825,"text":"your Inbox, how would you"},{"start":30.16,"end":31.728,"text":"distinguish between messages you"},{"start":31.75,"end":32.919,"text":"might want to see later and ones you"},{"start":32.92,"end":33.92,"text":"want to read right away?"},{"start":34.5,"end":35.5,"text":"I would make that"},{"start":36.46,"end":38.077,"text":"distinction between work e-mails,"},{"start":38.299,"end":40.029,"text":"those are things I want to see right"},{"start":40.03,"end":41.549,"text":"away, and then non-work e-mails"},{"start":41.95,"end":44.02,"text":"that I can wait for until later."},{"start":44.22,"end":45.935,"text":"Sure. So we all get lots of e-mails"},{"start":46.42,"end":47.979,"text":"from different companies or ones"},{"start":47.98,"end":49.09,"text":"that are not that important."},{"start":49.81,"end":51.129,"text":"So Outlook it is going to start"},{"start":51.13,"end":52.796,"text":"making some guesses about messages"},{"start":53.26,"end":54.73,"text":"that you want in Other, versus"},{"start":55.12,"end":56.31,"text":"the ones you want, Focused."},{"start":56.62,"end":58.119,"text":"And then you also have some control"},{"start":58.12,"end":59.12,"text":"over that, as well."},{"start":59.5,"end":61.019,"text":"Go ahead and click on the Other"},{"start":61.42,"end":62.42,"text":"heading."},{"start":64.97,"end":66.164,"text":"And I'm already seeing a few here."},{"start":66.165,"end":68.06,"text":"There's one from Aaron"},{"start":68.15,"end":69.77,"text":"about the Thanksgiving party."},{"start":71.485,"end":72.499,"text":"Mhm. You'll notice that there's some"},{"start":72.5,"end":74.215,"text":"from Microsoft, there's one from an"},{"start":74.27,"end":75.27,"text":"airlines."},{"start":75.5,"end":77.166,"text":"So again, these are not considered"},{"start":77.75,"end":79.1,"text":"to be critical e-mails."},{"start":79.4,"end":80.719,"text":"The one from Aaron we actually"},{"start":80.72,"end":82.4,"text":"decided that it needs to go to Other"},{"start":82.43,"end":83.479,"text":"because we didn't really want it to"},{"start":83.48,"end":84.469,"text":"show up in the Inbox."},{"start":84.47,"end":85.79,"text":"We'll come and look at these later."},{"start":86.96,"end":88.219,"text":"First of all, I want to show you how"},{"start":88.22,"end":89.599,"text":"to turn this feature on and off"},{"start":89.6,"end":90.6,"text":"completely."},{"start":90.65,"end":92.51,"text":"So go ahead and go to the View tab"},{"start":92.57,"end":93.57,"text":"on the ribbon,"},{"start":95.59,"end":96.669,"text":"and you'll see the button right"},{"start":96.67,"end":98.53,"text":"underneath it that says Show Focused"},{"start":98.54,"end":99.54,"text":"Inbox."},{"start":101.17,"end":102.2,"text":"Go ahead and click on that."},{"start":102.79,"end":103.79,"text":"I'll click that here."},{"start":105.52,"end":107.26,"text":"And you'll notice that now, instead"},{"start":107.29,"end":108.907,"text":"of Focus and Other, your headings"},{"start":109.18,"end":110.18,"text":"are All and Unread."},{"start":110.89,"end":112.164,"text":"So that really defaults to"},{"start":112.84,"end":114.159,"text":"what we've had in Outlook before,"},{"start":114.16,"end":116.08,"text":"where we just have a standard Unread"},{"start":116.11,"end":117.099,"text":"filter."},{"start":117.1,"end":118.72,"text":"If you turn that back on, Show"},{"start":118.77,"end":120.29,"text":"Focused Inbox,"},{"start":121.58,"end":122.719,"text":"then, again, you'll see those two"},{"start":122.72,"end":124.009,"text":"heading and it'll split out your"},{"start":124.01,"end":125.01,"text":"e-mail that way."},{"start":125.78,"end":127.15,"text":"So let's look at this list."},{"start":127.16,"end":128.418,"text":"Do you see any messages that you"},{"start":128.419,"end":129.829,"text":"would really just prefer to have in"},{"start":129.83,"end":131.119,"text":"that Other list and not in the"},{"start":131.12,"end":132.22,"text":"Focused Inbox?"},{"start":132.32,"end":133.888,"text":"Probably this \"Upcoming events\","},{"start":134.22,"end":135.24,"text":"this first one, right here."},{"start":135.72,"end":137.029,"text":"Go ahead and right-click on that"},{"start":137.03,"end":137.779,"text":"message."},{"start":137.78,"end":138.78,"text":"All right."},{"start":139.83,"end":141.129,"text":"And if you look down towards the"},{"start":141.13,"end":142.845,"text":"bottom of that menu, you'll see two"},{"start":143.08,"end":144.96,"text":"options. One says \"Move to Other\","},{"start":144.97,"end":146.1,"text":"that's for this message."},{"start":146.41,"end":147.348,"text":"And then you'll see one that says"},{"start":147.349,"end":149.06,"text":"\"Always Move to Other\"."},{"start":149.11,"end":150.776,"text":"And that'll be all future messages"},{"start":151.21,"end":152.8,"text":"from this particular sender."},{"start":153.19,"end":154.329,"text":"Why don't you choose the second"},{"start":154.33,"end":155.98,"text":"option, \"Always Move to Other\"."},{"start":158.22,"end":159.935,"text":"Then there's something that pops up"},{"start":160.05,"end":161.814,"text":"here. Do you want to move all future"},{"start":162.3,"end":163.3,"text":"messages? Obviously,"},{"start":164.16,"end":165.749,"text":"it just wants to make sure that we"},{"start":165.75,"end":167.085,"text":"do really want to make this move."},{"start":167.42,"end":167.509,"text":"Mhm."},{"start":167.51,"end":168.51,"text":"So I'll click Yes here."},{"start":168.58,"end":169.58,"text":"Good."},{"start":170.28,"end":171.66,"text":"And then click on the Other tab,"},{"start":173.77,"end":175.77,"text":"and you'll see that that message is"},{"start":175.79,"end":177.129,"text":"in the list. And then all future"},{"start":177.13,"end":178.75,"text":"messages will show up here, as well."},{"start":179.71,"end":181.082,"text":"And I notice this popped up,"},{"start":181.78,"end":183.103,"text":"this other new message came"},{"start":183.85,"end":184.309,"text":"up."},{"start":184.31,"end":185.589,"text":"A lot of people worry that they"},{"start":185.59,"end":187.12,"text":"won't know that there's new messages"},{"start":187.53,"end":188.53,"text":"in the Other list."},{"start":188.77,"end":190.149,"text":"So that's going to tell you, right"},{"start":190.15,"end":191.15,"text":"now there's one."},{"start":191.26,"end":193.17,"text":"And then as new messages come in,"},{"start":193.18,"end":194.075,"text":"you'll see that count change."},{"start":194.076,"end":195.84,"text":"And whenever you're ready, you would"},{"start":195.85,"end":197.319,"text":"either click on the message where"},{"start":197.32,"end":198.849,"text":"you're pointing or you could click"},{"start":198.85,"end":200.259,"text":"on the word Other and see all those"},{"start":200.26,"end":201.34,"text":"messages that are there."},{"start":202.15,"end":203.319,"text":"Oh, what a great way to organize"},{"start":203.32,"end":203.92,"text":"your Inbox!"}]