﻿[{"start":6.28,"end":7.28,"text":"Jason, have you ever used emojis in"},{"start":7.94,"end":9.058,"text":"a text message, maybe?"},{"start":9.52,"end":10.489,"text":"Oh yeah!"},{"start":10.49,"end":12.107,"text":"People say it's the hieroglyphics"},{"start":12.74,"end":13.74,"text":"of the future."},{"start":13.94,"end":15.361,"text":"I like that. So now Microsoft"},{"start":15.77,"end":17.099,"text":"has made those a little bit more"},{"start":17.1,"end":19.01,"text":"official. We call them icons,"},{"start":19.28,"end":20.698,"text":"and they've added them into Outlook"},{"start":20.99,"end":21.99,"text":"2019."},{"start":22.43,"end":24.53,"text":"They're actually vector graphics."},{"start":24.56,"end":26.179,"text":"They are not made of pixels, which"},{"start":26.18,"end":27.289,"text":"means when you scale them, you're"},{"start":27.29,"end":28.819,"text":"not going to lose the quality like"},{"start":28.82,"end":30.11,"text":"you might in other pictures."},{"start":30.59,"end":31.962,"text":"So let's take a look at what"},{"start":32.509,"end":33.679,"text":"that's going to look like in"},{"start":33.68,"end":34.68,"text":"Outlook."},{"start":35,"end":36.259,"text":"So we have a message that you're"},{"start":36.26,"end":37.699,"text":"getting ready to send, but we've"},{"start":37.7,"end":39.415,"text":"decided that we want to add an icon"},{"start":39.8,"end":41.22,"text":"to emphasize the message."},{"start":41.78,"end":43.446,"text":"So we're going to go to the Insert"},{"start":43.55,"end":44.55,"text":"tab on the ribbon."},{"start":44.551,"end":44.761,"text":"All right."},{"start":46.575,"end":48.199,"text":"And in the Illustrations group, you"},{"start":48.2,"end":49.492,"text":"will see an Icons button."},{"start":55.35,"end":56.129,"text":"And I notice there are a ton of"},{"start":56.13,"end":57.81,"text":"different categories for"},{"start":58.08,"end":59.52,"text":"icons that you can choose from."},{"start":59.82,"end":60.749,"text":"Exactly."},{"start":60.75,"end":62.22,"text":"So you can pick a category, or"},{"start":62.7,"end":64.139,"text":"you can just look through the list"},{"start":64.14,"end":65.4,"text":"and find something you like."},{"start":65.73,"end":67.298,"text":"So let's go to the Communication"},{"start":67.59,"end":68.59,"text":"category."},{"start":69.33,"end":70.8,"text":"And I see this"},{"start":71.76,"end":72.86,"text":"paper icon."},{"start":73.76,"end":74.76,"text":"I like that."},{"start":74.94,"end":75.167,"text":"Yeah."},{"start":75.168,"end":75.483,"text":"Paper airplane."},{"start":75.484,"end":75.799,"text":"Paper airplane."},{"start":75.8,"end":76.56,"text":"Let's use that."},{"start":78.06,"end":79.559,"text":"You'll notice that it checks it off"},{"start":79.56,"end":80.339,"text":"when you select it."},{"start":80.34,"end":82.019,"text":"You could actually check other ones."},{"start":82.02,"end":83.219,"text":"Just check off one of the ones"},{"start":83.22,"end":84.22,"text":"beside it."},{"start":86.31,"end":87.74,"text":"See how they both have a checkmark"},{"start":87.75,"end":88.88,"text":"in the corner? And then you could"},{"start":89.02,"end":90.509,"text":"uncheck the phone if you decide you"},{"start":90.51,"end":91.51,"text":"don't want it."},{"start":91.74,"end":92.879,"text":"Once you've checked all the ones you"},{"start":92.88,"end":94.53,"text":"want, just go down to Insert,"},{"start":97.31,"end":98.56,"text":"and it adds that icon."},{"start":99.55,"end":101.167,"text":"Now as we said, this is scalable."},{"start":101.59,"end":103.011,"text":"So you can make it larger and"},{"start":103.12,"end":104.379,"text":"smaller. If you want to make it a"},{"start":104.38,"end":105.38,"text":"little bit bigger."},{"start":109.15,"end":110.15,"text":"Mhm, giant airplane."},{"start":110.151,"end":110.382,"text":"[Laughing]."},{"start":111.652,"end":112.989,"text":"And then look up at the Graphics"},{"start":112.99,"end":114.46,"text":"Tools on the Format tab on the"},{"start":114.73,"end":116.349,"text":"ribbon. You'll notice you have the"},{"start":116.35,"end":117.477,"text":"wrapping icon, which is"},{"start":118.27,"end":119.887,"text":"right beside the image so you can"},{"start":119.95,"end":121.18,"text":"wrap the text around it."},{"start":121.54,"end":123.069,"text":"And then on the ribbon, where you"},{"start":123.07,"end":124.98,"text":"have Graphic Tools and then Format,"},{"start":125.23,"end":126.798,"text":"you can change the color and the"},{"start":126.94,"end":128.704,"text":"outline and different effects, a lot"},{"start":128.979,"end":129.979,"text":"of changes that you can make just"},{"start":130.36,"end":132.07,"text":"like we make to any other graphics"},{"start":132.1,"end":133.1,"text":"in Microsoft."},{"start":134.71,"end":136.31,"text":"Now just for comparison purposes,"},{"start":136.36,"end":137.83,"text":"let's insert a similar picture"},{"start":138.19,"end":139.19,"text":"that we have."},{"start":139.3,"end":140.98,"text":"So just click off of that paper"},{"start":141.01,"end":142.01,"text":"airplane."},{"start":143.17,"end":144.64,"text":"Go to the Insert tab, and this"},{"start":145,"end":146.229,"text":"time we're going to do Insert"},{"start":146.23,"end":147.23,"text":"Picture."},{"start":150.07,"end":151.736,"text":"Then notice that we have a similar"},{"start":151.8,"end":153.515,"text":"image of a paper airplane, but this"},{"start":153.6,"end":155.13,"text":"is a PNG image."},{"start":155.4,"end":156.779,"text":"Go ahead and click on that and"},{"start":156.78,"end":157.78,"text":"insert it."},{"start":159.99,"end":161.369,"text":"If you try and make that a little"},{"start":161.37,"end":162.659,"text":"bit bigger, just like you did the"},{"start":162.66,"end":163.66,"text":"previous one."},{"start":164.13,"end":165.209,"text":"So see how that's a little bit"},{"start":165.21,"end":165.971,"text":"blurry."},{"start":165.972,"end":166.077,"text":"Yeah."},{"start":166.078,"end":166.98,"text":"When you make it larger."},{"start":167.01,"end":168.627,"text":"Try making the other one the same"},{"start":168.75,"end":170.339,"text":"size and you'll be able to see the"},{"start":170.34,"end":171.34,"text":"difference."},{"start":172.44,"end":173.44,"text":"Oh, it's a huge difference."},{"start":173.7,"end":174.7,"text":"It really is."},{"start":174.75,"end":175.889,"text":"So, I think you're going to light"},{"start":175.89,"end":177.08,"text":"these vector graphics."},{"start":177.09,"end":178.829,"text":"It's a nice feature that they've put"},{"start":178.83,"end":180.15,"text":"in Outlook 2019."},{"start":180.45,"end":182.43,"text":"A few of the older e-mail programs"},{"start":182.46,"end":183.899,"text":"won't be able to use these new kind"},{"start":183.9,"end":185.419,"text":"of graphics, but by and large I"},{"start":185.73,"end":187.11,"text":"think you'll find them very useful."},{"start":187.23,"end":188.61,"text":"Yeah! I think it's going to be"},{"start":188.64,"end":189.64,"text":"really a lot of fun."},{"start":189.81,"end":190.549,"text":"Spice up your e-mails!"},{"start":190.55,"end":190.823,"text":"This is true!"}]