﻿[{"start":7.34,"end":8.188,"text":"Outlook 2019 has some nice"},{"start":8.189,"end":9.69,"text":"accessibility features."},{"start":10.05,"end":11.61,"text":"We can use these for ourselves,"},{"start":11.67,"end":12.67,"text":"which I'll show you."},{"start":12.7,"end":14.219,"text":"Or if we're going to be sending"},{"start":14.7,"end":16.229,"text":"e-mails to people that we know may"},{"start":16.23,"end":17.994,"text":"have some visual limitations, we can"},{"start":18,"end":19.56,"text":"make it easier for them to read."},{"start":20.88,"end":22.497,"text":"We're in an e-mail now that we've"},{"start":22.77,"end":24.21,"text":"typed up a short message."},{"start":24.78,"end":26.91,"text":"Go ahead and go to the Review tab"},{"start":26.94,"end":27.94,"text":"on your ribbon."},{"start":27.941,"end":28.046,"text":"Okay."},{"start":30.74,"end":32.118,"text":"And you'll notice that there on the"},{"start":32.119,"end":33.589,"text":"ribbon, you have a button that says"},{"start":33.59,"end":34.94,"text":"Check Accessibility."},{"start":34.941,"end":35.046,"text":"Yeah."},{"start":36.166,"end":37.399,"text":"So Outlook is going to look through"},{"start":37.4,"end":38.239,"text":"your e-mail."},{"start":38.24,"end":39.56,"text":"Go ahead and click on that."},{"start":40.67,"end":42.049,"text":"So Outlook is going to check this"},{"start":42.05,"end":43.61,"text":"message for a couple of things."},{"start":44.3,"end":45.559,"text":"If you're sending the message to"},{"start":45.56,"end":46.687,"text":"someone who has limited"},{"start":47.66,"end":49.369,"text":"vision and they might be having the"},{"start":49.37,"end":50.938,"text":"message read to them or be using"},{"start":51.23,"end":53.03,"text":"some other tools on their system,"},{"start":53.39,"end":54.769,"text":"Outlook's going to look for things"},{"start":54.77,"end":56.239,"text":"that are going to make it easy or"},{"start":56.24,"end":57.808,"text":"hard for them to understand that"},{"start":57.95,"end":58.819,"text":"message."},{"start":58.82,"end":60.71,"text":"So in that pane on the right,"},{"start":61.28,"end":62.946,"text":"this is telling you that right now"},{"start":63.02,"end":64.539,"text":"there's no accessibility issues"},{"start":64.61,"end":66.61,"text":"found. If it found something,"},{"start":66.62,"end":68.384,"text":"for example, tables can be a problem"},{"start":69.29,"end":70.76,"text":"or other items that don't have"},{"start":71.12,"end":72.737,"text":"headings or that are hard to read"},{"start":72.89,"end":74.81,"text":"visual images, then it would just"},{"start":74.9,"end":76.43,"text":"give you a list here in that pane"},{"start":77,"end":78.049,"text":"and just tell you that you might"},{"start":78.05,"end":79.429,"text":"want to consider that before you"},{"start":79.43,"end":80.43,"text":"send this message."},{"start":81.07,"end":82.07,"text":"Wow, that's great."},{"start":82.39,"end":84.29,"text":"And I see this Read Aloud"},{"start":84.59,"end":85.549,"text":"function."},{"start":85.55,"end":86.55,"text":"What's this about?"},{"start":86.84,"end":88.212,"text":"It's in the same category of"},{"start":88.61,"end":89.61,"text":"accessibility."},{"start":89.96,"end":91.528,"text":"So even if you don't have vision"},{"start":92.06,"end":93.628,"text":"problems, you can ask Outlook to"},{"start":93.71,"end":95,"text":"read your e-mails for you."},{"start":95.39,"end":96.68,"text":"You can do it here."},{"start":96.8,"end":97.89,"text":"If you were to click on that, it'd"},{"start":98.21,"end":99.29,"text":"read this e-mail."},{"start":100.07,"end":102.32,"text":"Go ahead and send this message."},{"start":106.4,"end":108.55,"text":"So go ahead and pick a message from"},{"start":108.67,"end":109.84,"text":"our Inbox."},{"start":111.07,"end":112.246,"text":"Look at your Home tab on"},{"start":112.96,"end":114.528,"text":"the ribbon, and on the far right"},{"start":114.64,"end":115.959,"text":"you'll see a button that says Read"},{"start":115.96,"end":118,"text":"Aloud. Go ahead and click on that."},{"start":118.45,"end":119.45,"text":"[Robotic voice]: Do you love sports?"},{"start":120.28,"end":121.093,"text":"If so, read on."},{"start":121.094,"end":122.094,"text":"We are"},{"start":122.98,"end":124.689,"text":"going to start meeting in the lounge"},{"start":124.69,"end":126.258,"text":"on Fridays to go over some stats"},{"start":126.61,"end":127.9,"text":"for our favorite teams."},{"start":128.74,"end":129.74,"text":"Go Sounders!"},{"start":130.56,"end":131.56,"text":"Joni."},{"start":131.95,"end":132.729,"text":"That's really neat!"},{"start":132.73,"end":134.004,"text":"And I imagine if an e-mail"},{"start":134.74,"end":136.389,"text":"is listing off things that you need"},{"start":136.39,"end":137.664,"text":"to write down, you can jot"},{"start":138.43,"end":139.9,"text":"that down and not have to keep"},{"start":140.41,"end":141.94,"text":"going back and forth to the screen."},{"start":142.18,"end":143.18,"text":"Sure! It's a great multitasking tool"},{"start":144.07,"end":145.07,"text":"as well, isn't it?"},{"start":145.071,"end":145.176,"text":"Yeah!"},{"start":145.735,"end":147.099,"text":"You'll notice that when you click on"},{"start":147.1,"end":148.668,"text":"that, there's some icons over on"},{"start":148.96,"end":150.33,"text":"the side that'll look familiar."},{"start":150.34,"end":152.38,"text":"Your pause, your back, your forward."},{"start":152.68,"end":154.389,"text":"You can just close that to stop the"},{"start":154.39,"end":155.62,"text":"reading at any point."},{"start":155.9,"end":157.119,"text":"So that's just a nice tool that's"},{"start":157.12,"end":158.12,"text":"been added."},{"start":158.23,"end":159.489,"text":"If you don't see it there on the"},{"start":159.49,"end":160.49,"text":"Home tab, go to the"},{"start":161.38,"end":162.38,"text":"File tab."},{"start":163.47,"end":164.91,"text":"Go down to Options."},{"start":168.45,"end":170.029,"text":"There's a category on the left that"},{"start":170.03,"end":171.62,"text":"says Ease of Access."},{"start":175.88,"end":177.439,"text":"And then you'll see the check box to"},{"start":177.44,"end":178.79,"text":"says \"Show Read Aloud\"."},{"start":178.94,"end":181.22,"text":"So if for some reason in Office 2019"},{"start":181.25,"end":182.68,"text":"you don't see it on the Home tab,"},{"start":182.69,"end":183.979,"text":"you would come in here to turn that"},{"start":183.98,"end":184.98,"text":"on."},{"start":185.6,"end":186.679,"text":"So just a couple of new"},{"start":186.68,"end":188.119,"text":"accessibility features that we'll"},{"start":188.12,"end":188.98,"text":"see in this version."}]