﻿[{"start":5.99,"end":7.729,"text":"Jason, as you know, when you receive"},{"start":7.73,"end":9.298,"text":"a meeting invitation, many times"},{"start":9.67,"end":10.669,"text":"there's other people that have been"},{"start":10.67,"end":11.67,"text":"invited."},{"start":11.87,"end":13.634,"text":"In previous versions of Outlook, you"},{"start":13.79,"end":15.456,"text":"really didn't have a way to go and"},{"start":15.47,"end":16.819,"text":"look and see who else had been"},{"start":16.82,"end":18.437,"text":"invited. Only the organizer could"},{"start":18.59,"end":20.207,"text":"get to that list, but now in this"},{"start":20.3,"end":21.559,"text":"version they've made it a whole lot"},{"start":21.56,"end":23.059,"text":"easier for us to see who else is"},{"start":23.06,"end":24.677,"text":"coming to that meeting, and maybe"},{"start":24.89,"end":26.311,"text":"that's going to influence our"},{"start":26.36,"end":27.799,"text":"decision or how we approach that"},{"start":27.8,"end":28.8,"text":"meeting."},{"start":28.82,"end":30.229,"text":"You'll notice there's a sales team"},{"start":30.23,"end":31.553,"text":"meeting on our calendar for"},{"start":32.119,"end":34.09,"text":"Monday. Go ahead and click on that"},{"start":34.1,"end":35.1,"text":"just to select it."},{"start":37.02,"end":38.34,"text":"Look at the tab on the ribbon."},{"start":38.43,"end":39.655,"text":"We're in a Meeting Series"},{"start":40.32,"end":41.692,"text":"tab, and you'll see a button"},{"start":42.42,"end":44.086,"text":"with a little head on it that says"},{"start":44.28,"end":45.28,"text":"Tracking."},{"start":45.75,"end":47.34,"text":"So go ahead and click on that."},{"start":47.99,"end":49.754,"text":"And again in previous versions, only"},{"start":49.77,"end":51.479,"text":"the meeting organizer had access to"},{"start":51.48,"end":52.48,"text":"this information."},{"start":53.16,"end":54.42,"text":"This is a recurring meeting."},{"start":54.51,"end":56.039,"text":"We know that for several reasons."},{"start":56.04,"end":57.419,"text":"It has the recurring symbol in the"},{"start":57.42,"end":58.829,"text":"lower right hand corner of the"},{"start":58.83,"end":60.447,"text":"picture. And here it's asking us,"},{"start":60.84,"end":62.399,"text":"do we want to open just this one"},{"start":62.4,"end":64.11,"text":"meeting or the entire series?"},{"start":64.59,"end":65.639,"text":"In this case, we're just going to"},{"start":65.64,"end":67.109,"text":"open the occurrence, or just this"},{"start":67.11,"end":68.11,"text":"one meeting."},{"start":68.19,"end":69.689,"text":"So go ahead and do Tracking for"},{"start":69.69,"end":70.69,"text":"Occurrence,"},{"start":73.17,"end":74.885,"text":"and that's going to show you, here,"},{"start":74.94,"end":76.655,"text":"all the people that were invited on"},{"start":76.71,"end":77.71,"text":"the To line."},{"start":78.57,"end":80.009,"text":"And then just like in any other"},{"start":80.01,"end":81.578,"text":"meeting, you can come up here to"},{"start":81.69,"end":83.52,"text":"Scheduling Assistant on the"},{"start":83.59,"end":84.59,"text":"ribbon."},{"start":84.63,"end":86.46,"text":"And it actually shows you"},{"start":86.49,"end":88.62,"text":"all the availability, as well."},{"start":91.2,"end":93.18,"text":"So this is the list of invitees"},{"start":93.21,"end":94.799,"text":"and it's showing you all of their"},{"start":94.8,"end":95.8,"text":"availability."},{"start":96.03,"end":97.079,"text":"So that's going to give you the"},{"start":97.08,"end":98.73,"text":"tracking information, as well."},{"start":104.03,"end":105.39,"text":"Well, here are some things that I"},{"start":105.57,"end":106.64,"text":"remember putting in the calendar."},{"start":106.641,"end":107.817,"text":"This information about a"},{"start":108.48,"end":109.48,"text":"flight?"},{"start":110.29,"end":111.29,"text":"That's something new in Outlook"},{"start":111.57,"end":112.68,"text":"2019."},{"start":112.86,"end":114.179,"text":"That's absolutely correct, I don't"},{"start":114.18,"end":115.47,"text":"think you put those on there."},{"start":115.471,"end":115.576,"text":"Yeah."},{"start":116.18,"end":117.299,"text":"What Outlook's doing is it's"},{"start":117.3,"end":118.379,"text":"actually looking through your"},{"start":118.38,"end":119.38,"text":"e-mail."},{"start":119.82,"end":119.939,"text":"Mhm."},{"start":119.94,"end":121.319,"text":"And it's looking for e-mails from"},{"start":121.32,"end":122.32,"text":"specific senders."},{"start":122.61,"end":123.835,"text":"Now looking for airlines,"},{"start":124.56,"end":125.399,"text":"hotels."},{"start":125.4,"end":127.017,"text":"It actually does package delivery"},{"start":127.11,"end":128.384,"text":"services, such as FedEx or"},{"start":128.97,"end":129.97,"text":"Amazon."},{"start":130.08,"end":131.65,"text":"So these types of things, maybe"},{"start":131.67,"end":133.079,"text":"restaurant invitations that you"},{"start":133.08,"end":134.1,"text":"made, it's looking through your"},{"start":134.12,"end":135.688,"text":"e-mail and when it sees specific"},{"start":135.78,"end":137.054,"text":"information, dates, times,"},{"start":137.28,"end":138.456,"text":"locations, it's going to"},{"start":138.63,"end":139.919,"text":"automatically put that on your"},{"start":139.92,"end":140.92,"text":"calendar for you."},{"start":141.3,"end":142.721,"text":"So it automatically generated"},{"start":143.37,"end":145.085,"text":"information from your e-mails, both"},{"start":145.35,"end":146.967,"text":"about your flight there, but also"},{"start":147.39,"end":148.67,"text":"about your hotel stay."},{"start":148.671,"end":148.86,"text":"Oh great."},{"start":150.596,"end":151.709,"text":"So just a couple of things about"},{"start":151.71,"end":152.85,"text":"those specific entries."},{"start":152.88,"end":154.26,"text":"They are marked Private."},{"start":154.53,"end":156.294,"text":"And as you remember, that means that"},{"start":156.33,"end":157.379,"text":"anybody else looking at your"},{"start":157.38,"end":158.71,"text":"calendar won't see those."},{"start":158.88,"end":159.689,"text":"Okay."},{"start":159.69,"end":161.258,"text":"They're not retroactive, so it's"},{"start":161.52,"end":163.26,"text":"not going to go back and add past"},{"start":163.29,"end":165.054,"text":"events. It's only as an e-mail comes"},{"start":165.15,"end":166.669,"text":"in, it's looking through it and"},{"start":166.71,"end":168.15,"text":"it'll add those to your calendar."},{"start":168.151,"end":168.256,"text":"Okay."},{"start":169.3,"end":170.279,"text":"The last thing that's different"},{"start":170.28,"end":171.539,"text":"about these entries is you can't"},{"start":171.54,"end":173.255,"text":"make changes to these settings here"},{"start":173.46,"end":174.93,"text":"in the desktop version of Outlook."},{"start":174.96,"end":176.97,"text":"You'd have to go to Office 365,"},{"start":177.3,"end":178.289,"text":"and there you can go to your"},{"start":178.29,"end":179.729,"text":"settings. And you can either turn"},{"start":179.73,"end":181.08,"text":"the feature off if you don't want"},{"start":181.17,"end":183.15,"text":"those extra events on your calendar,"},{"start":183.48,"end":185.097,"text":"or you can control which ones get"},{"start":185.46,"end":186.569,"text":"put on there. Maybe you want"},{"start":186.57,"end":188.55,"text":"flights, but not package deliveries."},{"start":188.58,"end":189.58,"text":"Those types of things."},{"start":195.19,"end":195.354,"text":"Great."},{"start":195.355,"end":196.239,"text":"Jason, do you ever work with people"},{"start":196.24,"end":197.24,"text":"in other time zones?"},{"start":197.74,"end":198.74,"text":"Oh yeah."},{"start":199.33,"end":201.19,"text":"So, sometimes it may just be"},{"start":201.28,"end":202.659,"text":"somebody across the country, or"},{"start":202.66,"end":203.66,"text":"maybe globally."},{"start":204.07,"end":206.02,"text":"So, you can now add"},{"start":206.05,"end":207.13,"text":"an additional time zone."},{"start":207.19,"end":208.194,"text":"We've always been able to have two,"},{"start":208.195,"end":210.06,"text":"but now they've actually let us add"},{"start":210.19,"end":211.659,"text":"three. So let me just show you where"},{"start":211.66,"end":213.277,"text":"that is. If you'll go to the File"},{"start":213.28,"end":214.28,"text":"tab."},{"start":216.02,"end":217.89,"text":"And let's go down to Options,"},{"start":220.36,"end":222.61,"text":"and Calendar, on the left."},{"start":225.02,"end":226.23,"text":"Scroll down just a little bit."},{"start":230.38,"end":231.719,"text":"So you'll see a section that says"},{"start":231.72,"end":232.72,"text":"Time Zones, and now"},{"start":233.61,"end":234.639,"text":"you can show not just"},{"start":235.43,"end":237.194,"text":"a second time zone, but also a third"},{"start":237.24,"end":239.004,"text":"time zone. So we'll just quickly add"},{"start":239.04,"end":239.969,"text":"a couple."},{"start":239.97,"end":241.709,"text":"You don't have to label them, but if"},{"start":241.71,"end":243.09,"text":"you don't it gets very confusing."},{"start":243.42,"end":244.769,"text":"So why don't you put a label for"},{"start":244.77,"end":245.729,"text":"where we are now."},{"start":245.73,"end":247.298,"text":"Just click in that first box and"},{"start":247.62,"end":248.747,"text":"you can put East Coast."},{"start":248.94,"end":249.83,"text":"We're actually in South Carolina,"},{"start":249.831,"end":251.22,"text":"you could put that."},{"start":251.55,"end":253.25,"text":"Go down and check the box for \"Show"},{"start":253.44,"end":254.53,"text":"a second time zone\"."},{"start":255.57,"end":257.138,"text":"And then let's pick another time"},{"start":257.339,"end":259.018,"text":"zone. Where's someone that you might"},{"start":259.019,"end":260.019,"text":"work with?"},{"start":260.54,"end":262.421,"text":"Um, someone out on the West Coast."},{"start":262.422,"end":262.527,"text":"Okay."},{"start":262.782,"end":263.782,"text":"In Los Angeles."},{"start":266.115,"end":267.519,"text":"And then let's put a label on that"},{"start":267.52,"end":268.52,"text":"one, as well."},{"start":273.08,"end":274.54,"text":"And let's add a third time zone"},{"start":274.56,"end":275.56,"text":"since we can."},{"start":276.512,"end":278.106,"text":"And maybe we can make this one"},{"start":279.1,"end":280.1,"text":"Hawaii."},{"start":280.101,"end":280.752,"text":"That's where we all want to be."},{"start":280.753,"end":281.089,"text":"[Laughing] Okay!"},{"start":281.09,"end":281.813,"text":"That's right here."},{"start":284.1,"end":285.599,"text":"So we've added two additional time"},{"start":285.6,"end":287.168,"text":"zones. People that you work with"},{"start":287.61,"end":288.63,"text":"are in these locations."},{"start":288.66,"end":289.97,"text":"Go ahead and choose OK."},{"start":294.53,"end":296.089,"text":"And we're in the Week view, right"},{"start":296.09,"end":297.049,"text":"now, of our calendar."},{"start":297.05,"end":298.569,"text":"So you'll see Hawaii, L.A., and"},{"start":298.88,"end":300.838,"text":"South Carolina all listed there."},{"start":300.839,"end":300.923,"text":"Mhm."},{"start":301.54,"end":303.02,"text":"Go to the Day view"},{"start":303.53,"end":304.53,"text":"on the ribbon."},{"start":305.65,"end":307.24,"text":"You'll see the three time zones."},{"start":307.6,"end":308.92,"text":"Go to the Month view."},{"start":312.88,"end":313.873,"text":"Hm, I don't see it in the Month"},{"start":313.874,"end":314.619,"text":"view."},{"start":314.62,"end":315.639,"text":"That's right, it doesn't show up on"},{"start":315.64,"end":316.869,"text":"the Month view, but it will on all"},{"start":316.87,"end":317.87,"text":"the others."},{"start":317.871,"end":317.976,"text":"Okay."},{"start":318.186,"end":319.186,"text":"Go back to the Week view, right-click"},{"start":322.23,"end":323.23,"text":"on L.A."},{"start":323.89,"end":325.229,"text":"You right-clicked on L.A., and"},{"start":325.23,"end":326.519,"text":"you'll notice you can go down to"},{"start":326.52,"end":327.69,"text":"\"Change time zone."},{"start":328.02,"end":329.429,"text":"That'll take you right back to your"},{"start":329.43,"end":330.43,"text":"options"},{"start":332.57,"end":334.279,"text":"and you can make any further changes"},{"start":334.28,"end":335.929,"text":"from here if you decided you didn't"},{"start":335.93,"end":337.547,"text":"need all three of those or needed"},{"start":337.85,"end":339.32,"text":"to change the location that ju"},{"start":339.74,"end":341.145,"text":"is as a shortcut to get bahere."},{"start":341.146,"end":341.251,"text":"Okay."},{"start":342.783,"end":343.999,"text":"So Outlook's now 'm going to let you"},{"start":344,"end":345.33,"text":"see a third time zone if you neit."},{"start":346.19,"end":346.736,"text":"That's helpfu.  helpful.e."}]