﻿[{"start":6.19,"end":7.149,"text":"Jason, something else that you're"},{"start":7.15,"end":8.675,"text":"going to start seeing and Outlook"},{"start":8.95,"end":9.95,"text":"2019 is"},{"start":11.26,"end":12.531,"text":"what we call Suggested Replies."},{"start":13.81,"end":16.03,"text":"So when you click on an e-mail,"},{"start":16.09,"end":17.469,"text":"Outlook is going to start looking"},{"start":17.47,"end":19.087,"text":"through that. It uses some of its"},{"start":19.09,"end":21.04,"text":"new artificial intelligence, the new"},{"start":21.07,"end":22.57,"text":"AI we hear so much about,"},{"start":22.99,"end":24.264,"text":"and it's going to see what"},{"start":25.06,"end":26.83,"text":"you might want to respond to that."},{"start":27.16,"end":28.509,"text":"So when you look across the bottom"},{"start":28.51,"end":30.28,"text":"of a message, you're going to see"},{"start":30.73,"end":31.83,"text":"maybe three, four suggested"},{"start":32.59,"end":34.354,"text":"options. So it maybe something along"},{"start":34.39,"end":36.85,"text":"the lines of \"Yes I can come,\""},{"start":36.88,"end":37.88,"text":"or \"I'm not able,\""},{"start":38.74,"end":40.05,"text":"or \"Let me know what you think,\""},{"start":40.06,"end":41.06,"text":"something like that."},{"start":41.061,"end":41.166,"text":"Okay."},{"start":41.886,"end":43.029,"text":"If that's what you want, all you do"},{"start":43.03,"end":44.03,"text":"is click on it."},{"start":44.11,"end":45.67,"text":"You do have the option to edit it"},{"start":45.73,"end":46.969,"text":"and add more text, and then you"},{"start":46.97,"end":47.97,"text":"would hit send."},{"start":48.19,"end":49.389,"text":"Yeah, that would make responding a"},{"start":49.39,"end":51.056,"text":"lot quicker, more about efficiency"},{"start":51.67,"end":52.299,"text":"then, I guess."},{"start":52.3,"end":53.169,"text":"Exactly."},{"start":53.17,"end":54.31,"text":"It'll make it a whole lot easier."},{"start":54.73,"end":55.746,"text":"You'll also notice that there will"},{"start":55.78,"end":57.249,"text":"just be a little tag underneath"},{"start":57.25,"end":58.354,"text":"those responses, those suggestions,"},{"start":58.355,"end":60.19,"text":"that say \"Report"},{"start":60.22,"end":61.494,"text":"inappropriate text.\" So if"},{"start":61.84,"end":63.069,"text":"something's there that you would"},{"start":63.07,"end":64.54,"text":"never use, or that really does"},{"start":64.93,"end":66.489,"text":"not apply to you, you can just click"},{"start":66.49,"end":67.899,"text":"on that and then it wouldn't show up"},{"start":67.9,"end":68.729,"text":"in the future."},{"start":68.73,"end":69.639,"text":"Okay."},{"start":69.64,"end":70.809,"text":"You can always just ignore these"},{"start":70.81,"end":72.37,"text":"completely and send your own reply,"},{"start":72.4,"end":73.779,"text":"but it's just a new option that's in"},{"start":73.78,"end":74.459,"text":"there."},{"start":74.46,"end":75.46,"text":"Great!"},{"start":75.6,"end":77.266,"text":"So you've probably noticed that in"},{"start":77.55,"end":79.069,"text":"the Deleted Items it's possible"},{"start":79.44,"end":80.819,"text":"to have unread messages in the"},{"start":80.82,"end":81.82,"text":"Deleted Items."},{"start":82.26,"end":82.424,"text":"Mhm."},{"start":82.425,"end":83.429,"text":"And I don't know about you, but"},{"start":83.43,"end":84.839,"text":"sometimes it's easy to get a little"},{"start":84.84,"end":86.429,"text":"panicked and say, \"what's in there"},{"start":86.43,"end":87.899,"text":"that I didn't read,\" and want to go"},{"start":87.9,"end":88.9,"text":"back and check."},{"start":88.93,"end":90.694,"text":"There's actually a new setting, just"},{"start":90.75,"end":92.269,"text":"a check box, where you can tell"},{"start":92.85,"end":94.65,"text":"it to actually mark it as"},{"start":94.67,"end":96.287,"text":"Read before you put it in Deleted"},{"start":96.84,"end":98.339,"text":"Items. So it's not possible to have"},{"start":98.34,"end":99.696,"text":"any unread items in Deleted, the"},{"start":100.65,"end":101.609,"text":"folder."},{"start":101.61,"end":101.694,"text":"Mhm."},{"start":101.695,"end":103.34,"text":"So go ahead and go to the File tab"},{"start":103.68,"end":104.94,"text":"and let's go to Options."},{"start":104.941,"end":105.151,"text":"All right."},{"start":109.03,"end":110.319,"text":"We're going to go to the Mail"},{"start":110.32,"end":111.61,"text":"section on the left."},{"start":113.17,"end":114.459,"text":"And then scroll all the way to the"},{"start":114.46,"end":115.591,"text":"bottom and look for the Other"},{"start":115.9,"end":116.9,"text":"category."},{"start":117.89,"end":119.079,"text":"And here it is right here at the"},{"start":119.08,"end":120.08,"text":"bottom."},{"start":120.46,"end":122.19,"text":"So once you check that then it'll"},{"start":122.35,"end":123.459,"text":"just automatically mark those"},{"start":123.46,"end":124.96,"text":"messages before they're deleted."},{"start":125.26,"end":126.26,"text":"Okay."},{"start":126.73,"end":128.349,"text":"While we're here in the Options box,"},{"start":128.35,"end":129.967,"text":"there's just another little thing"},{"start":130.33,"end":132.039,"text":"that they've added to make it easier"},{"start":132.04,"end":133.363,"text":"to work. Go to the Advanced"},{"start":134.08,"end":136.27,"text":"category on the left-hand side."},{"start":137.44,"end":139.6,"text":"So you'll see that Reminders section"},{"start":140.07,"end":141.019,"text":"there in the Options."},{"start":141.02,"end":142.53,"text":"There are several check boxes."},{"start":143.84,"end":145.43,"text":"Many of these we've had before, but"},{"start":145.73,"end":146.92,"text":"the one that's new it says, \"Show"},{"start":147.17,"end":149.312,"text":"reminders on top of other windows.\"."},{"start":150.27,"end":151.849,"text":"And I guess it would be if you're"},{"start":151.85,"end":153.467,"text":"not in Outlook, you're using some"},{"start":153.77,"end":154.669,"text":"other program?"},{"start":154.67,"end":156.349,"text":"Exactly. If you're working in Excel"},{"start":156.35,"end":157.771,"text":"now, it'll actually pop up in"},{"start":158.21,"end":159.619,"text":"Excel instead of actually just"},{"start":159.62,"end":160.62,"text":"having to be in Outlook."},{"start":161.12,"end":162.945,"text":"Oh good! So you're if you're"},{"start":162.99,"end":164.509,"text":"working hard on something, that"},{"start":164.57,"end":166.187,"text":"reminder will pop up and jog your"},{"start":166.4,"end":167.447,"text":"memory. You need to get going!"},{"start":167.62,"end":168.62,"text":"Won't miss that meeting."},{"start":173.03,"end":174.229,"text":"So we're sending an e-mail to"},{"start":174.23,"end":175.7,"text":"Jordan. We're welcoming him to"},{"start":176.24,"end":177.56,"text":"the project we've been working on."},{"start":178.22,"end":179.539,"text":"And just go ahead and finish out"},{"start":179.54,"end":181.219,"text":"this e-mail by letting him know that"},{"start":181.22,"end":182.886,"text":"if he has any questions, he should"},{"start":183.14,"end":184.14,"text":"talk to Joni."},{"start":185.42,"end":187.49,"text":"Now before you type in Joni's name,"},{"start":187.52,"end":188.509,"text":"here's what I want you to do."},{"start":188.51,"end":190.37,"text":"Type in the ampersand symbol."},{"start":192.56,"end":193.539,"text":"Oh, I see."},{"start":193.54,"end":195.65,"text":"And now a bunch of names"},{"start":195.67,"end":196.67,"text":"from the Contact came up."},{"start":196.91,"end":198.404,"text":"So this is the new Mentions feature,"},{"start":198.71,"end":200.376,"text":"and it does quite a few things for"},{"start":200.6,"end":202.15,"text":"us. First of all, you can see that"},{"start":202.19,"end":203.115,"text":"it opens the Address Book."},{"start":203.116,"end":203.221,"text":"Yeah."},{"start":203.222,"end":204.526,"text":"So now you can just click on"},{"start":205.22,"end":206.22,"text":"her name."},{"start":210.12,"end":211.26,"text":"And two things just happened."},{"start":211.35,"end":212.967,"text":"One, it put the link in there for"},{"start":213.27,"end":214.612,"text":"her name, but look up at the To"},{"start":214.77,"end":215.639,"text":"line."},{"start":215.64,"end":217.306,"text":"Oh yeah, it put her e-mail address"},{"start":217.5,"end":218.279,"text":"in, too."},{"start":218.28,"end":219.946,"text":"It automatically, now, is going to"},{"start":219.96,"end":221.459,"text":"send this e-mail to her because she"},{"start":221.46,"end":223.23,"text":"was mentioned in the e-mail."},{"start":223.26,"end":224.669,"text":"So it assumes that she would need to"},{"start":224.67,"end":225.67,"text":"get that e-mail."},{"start":225.72,"end":227.069,"text":"Now of course, you could remove that"},{"start":227.07,"end":228.34,"text":"if you don't want her to get it, but"},{"start":229.17,"end":230.399,"text":"that's what the Mentions feature"},{"start":230.4,"end":231.449,"text":"does when you type in that"},{"start":231.45,"end":233.069,"text":"ampersand. That's the first part of"},{"start":233.07,"end":235.2,"text":"it. So just go ahead and"},{"start":235.95,"end":237.539,"text":"finish out that sentence and we'll"},{"start":237.54,"end":238.54,"text":"send the e-mail."},{"start":245.37,"end":247.036,"text":"So if you look at our e-mail list,"},{"start":247.05,"end":248.309,"text":"you'll notice that we just received"},{"start":248.31,"end":249.42,"text":"a new e-mail."},{"start":249.57,"end":250.619,"text":"Do you notice anything different"},{"start":250.62,"end":251.219,"text":"about that?"},{"start":251.22,"end":252.347,"text":"I do see this at symbol"},{"start":253.35,"end":254.35,"text":"here."},{"start":254.86,"end":255.749,"text":"Mhm, good. Go ahead and click on the"},{"start":255.75,"end":257.01,"text":"e-mail message."},{"start":258.72,"end":260.069,"text":"And you'll notice that we were"},{"start":260.07,"end":261.599,"text":"mentioned in that e-mail."},{"start":262.019,"end":263.429,"text":"So it is going to give me that at"},{"start":263.43,"end":264.96,"text":"symbol, that's another clue."},{"start":265.46,"end":267.45,"text":"And it's just another way to"},{"start":267.57,"end":269.7,"text":"prioritize e-mails, and of course"},{"start":269.73,"end":271.109,"text":"once that's on the e-mail now you"},{"start":271.11,"end":272.549,"text":"can search and filter for it, as"},{"start":272.55,"end":272.999,"text":"well."},{"start":273,"end":274,"text":"Oh great."},{"start":274.52,"end":276.169,"text":"So in this module, we saw some nice"},{"start":276.17,"end":278.12,"text":"new features in Outlook 2019."},{"start":278.54,"end":280.79,"text":"Yeah, I like the Suggested Replies"},{"start":280.82,"end":282.704,"text":"and I'm going to try these Mentions!"},{"start":282.98,"end":283.92,"text":"Good. I think you'll like it."}]