﻿[{"start":5.79,"end":7.059,"text":"Something that I'm noticing I want"},{"start":7.06,"end":8.439,"text":"to know more about the Groups"},{"start":8.44,"end":9.7,"text":"section down here."},{"start":9.98,"end":10.98,"text":"What is that?"},{"start":11.17,"end":12.787,"text":"So that's a feature now in Office"},{"start":12.91,"end":13.939,"text":"365 where you can set"},{"start":14.82,"end":16.659,"text":"up groups and once you join"},{"start":16.66,"end":18.63,"text":"them, you'll see the conversations,"},{"start":18.64,"end":20.109,"text":"you'll see e-mails sent to the"},{"start":20.11,"end":20.889,"text":"group."},{"start":20.89,"end":22.93,"text":"And now it's been added to the"},{"start":22.99,"end":24.754,"text":"Outlook message pane, so you can see"},{"start":24.82,"end":25.989,"text":"things in the Groups right from"},{"start":25.99,"end":26.99,"text":"here."},{"start":27.01,"end":28.239,"text":"You'll notice in the Favorites"},{"start":28.24,"end":29.889,"text":"section that one of our groups has"},{"start":29.89,"end":31.35,"text":"been added up there, the X1050"},{"start":32.2,"end":33.2,"text":"Launch Team."},{"start":33.201,"end":33.306,"text":"Yeah!"},{"start":33.324,"end":34.719,"text":"So that little symbol tells you that"},{"start":34.72,"end":35.764,"text":"that's not a regular folder, that's"},{"start":36.22,"end":37.22,"text":"a group folder."},{"start":37.78,"end":39.25,"text":"Go ahead and expand the Groups"},{"start":39.64,"end":41.71,"text":"section down in the folder list."},{"start":42.31,"end":43.486,"text":"I'll click on that here."},{"start":43.833,"end":45.249,"text":"And we're a member of multiple"},{"start":45.25,"end":46.6,"text":"groups, as you can see."},{"start":47.27,"end":48.309,"text":"So when you click on each one of"},{"start":48.31,"end":49.419,"text":"those, you're going to see all the"},{"start":49.42,"end":51.13,"text":"conversations for each group."},{"start":51.67,"end":53.68,"text":"Now we actually also have Outlook"},{"start":53.71,"end":55,"text":"365 open."},{"start":55.3,"end":56.966,"text":"So as we swap over to that, you'll"},{"start":57.19,"end":59.53,"text":"see that the same groups are listed"},{"start":59.56,"end":61.21,"text":"there on the left hand side."},{"start":61.96,"end":63.069,"text":"And then of course, you can get to"},{"start":63.07,"end":64.687,"text":"your files and your calendars and"},{"start":64.81,"end":65.799,"text":"everything else."},{"start":65.8,"end":66.8,"text":"Okay."},{"start":66.85,"end":67.959,"text":"If you'd like to learn more about"},{"start":67.96,"end":70.05,"text":"Groups, we do have a course on"},{"start":70.09,"end":71.469,"text":"Office Groups, so I think you'll"},{"start":71.47,"end":72.47,"text":"find that useful."},{"start":72.84,"end":74.079,"text":"Yeah, it's super convenient to have"},{"start":74.08,"end":75.08,"text":"these in Outlook now."},{"start":75.37,"end":76.3,"text":"I think you're going to like that."}]