﻿[{"start":9.07,"end":10.599,"text":"¿Alguna vez has pasado<br />nueve horas en el trabajo"},{"start":10.9,"end":12.609,"text":"y sientes que no lograste nada"},{"start":13.27,"end":13.72,"text":"en absoluto?"},{"start":14.11,"end":15.46,"text":"Estás ocupado todo el día"},{"start":15.49,"end":16.959,"text":"pero sientes que estás más atrasado"},{"start":17.59,"end":18.61,"text":"que cuando empezaste."},{"start":19.12,"end":20.889,"text":"Las habilidades efectivas de<br />administración del tiempo te ayudarán"},{"start":21.16,"end":23.56,"text":"a obtener más cosas de<br />manera más eficiente"},{"start":23.59,"end":25.24,"text":"para que te sientas productivo"},{"start":25.57,"end":27.129,"text":"y te preocupes menos por ser enterrado"},{"start":27.61,"end":28.52,"text":"por la carga de trabajo."},{"start":29.05,"end":30.84,"text":"Y en este mini curso de Brain Bite"},{"start":30.86,"end":32.529,"text":"vamos a darte seis<br />consejos que puedes"},{"start":32.68,"end":34.9,"text":"utilizar para administrar tu<br />tiempo de manera más efectiva."},{"start":38.74,"end":39.46,"text":"Peter Drucker,"},{"start":39.7,"end":40.9,"text":"el gurú de la administración,"},{"start":41.17,"end":42.909,"text":"dijo que lo que se mide se"},{"start":43.21,"end":43.81,"text":"maneja."},{"start":44.08,"end":45.789,"text":"Si quieres administrar<br />mejor tu tiempo,"},{"start":46.225,"end":47.949,"text":"lo primero que debes hacer es"},{"start":48.1,"end":50.14,"text":"medir a dónde va tu tiempo."},{"start":50.65,"end":51.81,"text":"Es realmente fácil de hacer"},{"start":52.06,"end":53.829,"text":"y a veces solo el acto de"},{"start":53.95,"end":56.05,"text":"medir tu tiempo es lo mejor que"},{"start":56.17,"end":57.879,"text":"puedes hacer para mejorar la<br />administración"},{"start":58.18,"end":58.84,"text":"de tu tiempo."},{"start":59.44,"end":60.7,"text":"Aquí hay una manera fácil de hacerlo."},{"start":61.12,"end":63.01,"text":"Usa nuestro formulario de auditoría de tiempo"},{"start":63.22,"end":64.899,"text":"o crea el tuyo usando este"},{"start":65.08,"end":65.59,"text":"diseño."},{"start":66.1,"end":67.75,"text":"Al final de cada hora"},{"start":68.05,"end":70.03,"text":"anota una nota rápida de"},{"start":70.09,"end":70.99,"text":"lo que has logrado."},{"start":71.2,"end":72.97,"text":"Verás una columna de tiempo pérdido."},{"start":73.33,"end":74.38,"text":"Marca las casillas"},{"start":74.41,"end":76.21,"text":"o escribe algunas de las cosas que"},{"start":76.27,"end":78.069,"text":"interrumpieron tu productividad durante"},{"start":78.37,"end":78.91,"text":"esa hora."},{"start":79.42,"end":81.4,"text":"¿Recibiste llamadas telefónicas no programadas?"},{"start":81.76,"end":82.78,"text":"¿Respondiste correos electrónicos?"},{"start":82.81,"end":83.98,"text":"¿Te pusiste al día en Twitter?"},{"start":84.25,"end":85.659,"text":"¿O hubo otra causa de pérdida de"},{"start":86.14,"end":87.64,"text":"tiempo que se interpuso en tu camino?"},{"start":88.09,"end":88.389,"text":"Leyendo noticias,"},{"start":88.99,"end":89.709,"text":"tuviste pequeñas pláticas"},{"start":90.1,"end":91.15,"text":"con tus colegas,"},{"start":91.3,"end":92.83,"text":"jugando un juego en su teléfono,"},{"start":93.22,"end":94.329,"text":"lo que sea que haya interrumpido tu flujo de trabajo"},{"start":94.93,"end":96.429,"text":"o te impidiera ser tan productivo"},{"start":97.15,"end":98.26,"text":"como pudiste haber sido,"},{"start":98.76,"end":100.149,"text":"agrega eso en la columna de tiempo"},{"start":100.6,"end":100.99,"text":"pérdido."},{"start":101.92,"end":103.629,"text":"Al final de la semana revisa el"},{"start":103.78,"end":105.82,"text":"formulario de auditoría de tiempo para cada día."},{"start":106.33,"end":108.25,"text":"¿Hay algún patrón que notes?"},{"start":108.4,"end":110.11,"text":"¿Algún ajuste que puedas hacer"},{"start":110.47,"end":112.3,"text":"para ser más productivo la próxima semana?"},{"start":112.93,"end":114.519,"text":"No necesitas usarlo<br /> todo"},{"start":114.79,"end":116.469,"text":"el tiempo. Cuando sientas<br />que tienes un mejor"},{"start":116.89,"end":118.18,"text":"manejo de tu tiempo,"},{"start":118.45,"end":119.77,"text":"déjalo a un lado por un tiempo"},{"start":119.98,"end":121.659,"text":"pero cuando comiences a<br />sentirte fuera de control,"},{"start":122.205,"end":123.939,"text":"intenta nuevamente la auditoría de tiempo por"},{"start":124.18,"end":124.9,"text":"unos pocos días."},{"start":125.41,"end":127.089,"text":"La mayoría de las personas se pueden<br />beneficiar de usar el auditor"},{"start":127.36,"end":128.68,"text":"del tiempo al menos cada mes"},{"start":128.979,"end":129.25,"text":"o dos."},{"start":133.82,"end":135.409,"text":"Si tu objetivo es conseguir<br /> hacer cosas"},{"start":135.71,"end":137.479,"text":"importantes, entonces primero necesitamos"},{"start":137.57,"end":139.94,"text":"averiguar qué es<br />exactamente lo importante."},{"start":140.66,"end":143.12,"text":"Para este paso, debes<br />indicar tus prioridades"},{"start":143.3,"end":144.32,"text":"en términos de producción."},{"start":144.8,"end":146.42,"text":"Algo que se logra cumplir."},{"start":147.53,"end":148.97,"text":"Esto es más difícil de lo que parece."},{"start":149.42,"end":151.159,"text":"Para muchas personas que<br />no están manejando bien"},{"start":151.31,"end":152.509,"text":"su tiempo, su prioridad"},{"start":153.14,"end":154.939,"text":"es realmente solo para trabajar<br />en lo que está delante"},{"start":155.18,"end":155.57,"text":"de ellos."},{"start":156.11,"end":158.23,"text":"Su día es todo lo relacionado a contestar<br />correos electrónicos"},{"start":158.24,"end":159.02,"text":"y llamadas telefónicas"},{"start":159.05,"end":160.639,"text":"y solicitudes que llegan a ellos hasta"},{"start":160.94,"end":161.93,"text":"que es tiempo de ir a casa."},{"start":162.89,"end":164.66,"text":"Eso se llama ser reactivo"},{"start":164.84,"end":166.1,"text":"en lugar de proactivo."},{"start":166.58,"end":168.5,"text":"Y generalmente es una forma"},{"start":168.59,"end":169.22,"text":"ineficiente de trabajar."},{"start":169.61,"end":171.109,"text":"En el libro de Stephen Covey Los 7"},{"start":171.5,"end":172.909,"text":"Hábitos de personas altamente efectivas,"},{"start":173.585,"end":175.309,"text":"su primer hábito es"},{"start":175.49,"end":177.079,"text":"ser proactivo: encargarte"},{"start":177.44,"end":178.61,"text":"de tu carga de trabajo,"},{"start":178.85,"end":179.6,"text":"tu tiempo,"},{"start":179.75,"end":180.38,"text":"y tu vida."},{"start":181.26,"end":182.749,"text":"En el libro de Tim Ferris La Semana"},{"start":183.08,"end":183.639,"text":"Laboral de 4 Horas,"},{"start":184.035,"end":185.599,"text":"él va incluso más allá diciendo"},{"start":186.08,"end":188.54,"text":"que ese ajetreo es una forma de pereza."},{"start":189.08,"end":190.759,"text":"Algo que podríamos<br />hacer porque estar"},{"start":191.12,"end":192.84,"text":"ocupado nos hace sentir productivos"},{"start":193.43,"end":195.56,"text":"y tal vez es más fácil trabajar duro"},{"start":195.65,"end":197.179,"text":"de manera ineficiente que hacer frente"},{"start":197.66,"end":199.039,"text":"al desafío de reorganizar realmente"},{"start":200.06,"end":202.22,"text":"nuestro trabajo para ser más productivos."},{"start":202.43,"end":204.38,"text":"Para realmente tomar el control de tu tiempo,"},{"start":204.56,"end":206.359,"text":"necesitas comenzar<br />entendiendo que es"},{"start":206.69,"end":207.23,"text":"importante."},{"start":208.01,"end":209.51,"text":"En nuestro formulario de prioridades"},{"start":209.6,"end":210.86,"text":"o en una hoja de papel,"},{"start":211.19,"end":212.509,"text":"enumere hasta siete prioridades"},{"start":213.2,"end":214.85,"text":"que son importantes para ti en este momento."},{"start":215.72,"end":217.94,"text":"Si sientes que<br />tienes más de siete,"},{"start":218.21,"end":219.739,"text":"luego elige los más importantes"},{"start":220.07,"end":221.15,"text":"para trabajar en esta semana"},{"start":221.54,"end":222.89,"text":"y guarda los otros para más tarde."},{"start":223.31,"end":223.94,"text":"Recuerda,"},{"start":224.12,"end":226.34,"text":"las prioridades son resultados deseados"},{"start":226.37,"end":228.2,"text":"no queheceres. Hablaremos de"},{"start":228.23,"end":229.5,"text":"esos en el paso 4."},{"start":230.39,"end":232.159,"text":"Es una buena idea revisar tu"},{"start":232.34,"end":233.96,"text":"lista de prioridades regularmente"},{"start":234.23,"end":235.82,"text":"ya que algunas cosas cambiarán."},{"start":235.94,"end":237.019,"text":"Algunos proyectos terminarán,"},{"start":237.65,"end":239.03,"text":"otros pueden ser agregados."},{"start":239.69,"end":241.399,"text":"Tu lista de prioridades siempre debe ser"},{"start":241.61,"end":243.379,"text":"una guía de donde la mayor parte de tu trabajo"},{"start":243.65,"end":245.33,"text":"esté siendo dirigido en este momento."},{"start":249.08,"end":250.849,"text":"Ahora que nuestra lista de<br />prioridades nos dice"},{"start":251.18,"end":252.98,"text":"dónde centrar nuestros esfuerzos,"},{"start":253.34,"end":255.41,"text":"pensemos en lo que no deberíamos"},{"start":255.53,"end":256.34,"text":"concentrarnos."},{"start":256.69,"end":258.11,"text":"En cada trabajo hay algunas"},{"start":258.529,"end":260.48,"text":"cosas que podemos controlar"},{"start":260.69,"end":262.009,"text":"y otras que no podemos."},{"start":262.31,"end":263.929,"text":"Stephen Covey llama a esto tu"},{"start":264.23,"end":265.52,"text":"círculo de influencia."},{"start":265.91,"end":266.449,"text":"Parece obvio"},{"start":266.93,"end":268.49,"text":"pero para ser más productivo,"},{"start":268.73,"end":270.529,"text":"debemos enfocarnos<br />en las cosas que"},{"start":270.74,"end":271.94,"text":"puedes controlar."},{"start":272.18,"end":272.96,"text":"Por ejemplo,"},{"start":273.32,"end":274.879,"text":"tal vez no puedes controlar cuántos"},{"start":275.15,"end":276.5,"text":"correos electrónicos recibes en un día"},{"start":276.56,"end":278.149,"text":"pero puedes controlar la frecuencia"},{"start":278.63,"end":279.91,"text":"en que revisas tu correo electrónico."},{"start":280.4,"end":282.65,"text":"Lo mismo puede ser cierto para las llamadas telefónicas"},{"start":282.74,"end":283.66,"text":"y reuniones"},{"start":284.03,"end":286.06,"text":"No puedes controlar las<br />solicitudes que llegan"},{"start":286.28,"end":287.87,"text":"pero puedes controlar cómo"},{"start":287.96,"end":289.81,"text":"y cuando las respondes"},{"start":290.18,"end":291.379,"text":"y puedes establecer expectativas"},{"start":292.31,"end":293.39,"text":"para cuando estás"},{"start":293.42,"end":294.65,"text":"y no estás disponibles."},{"start":295.1,"end":296.899,"text":"Tal vez no tienes control<br />sobre los clientes"},{"start":297.53,"end":298.13,"text":"con quienes trabajas"},{"start":298.43,"end":299.27,"text":"o cuando"},{"start":299.3,"end":300.47,"text":"y dónde trabajas."},{"start":301.07,"end":301.579,"text":"No pierdas el tiempo"},{"start":301.91,"end":303.74,"text":"y energía en quejarte de cosas"},{"start":304.01,"end":305.27,"text":"que no puedes cambiar."},{"start":305.69,"end":307.489,"text":"Enfócate en las cosas de tu círculo"},{"start":307.97,"end":308.81,"text":"de influencia."},{"start":309.2,"end":311.48,"text":"Hasta ahora hemos hablado<br />de auditorías de tiempo,"},{"start":311.78,"end":312.59,"text":"prioridades,"},{"start":312.98,"end":314.66,"text":"y tu círculo de influencia."},{"start":315.08,"end":315.88,"text":"En la segunda parte,"},{"start":315.89,"end":317.48,"text":"hablaremos de hacer listas,"},{"start":317.72,"end":318.89,"text":"la regla 80/20,"},{"start":319.16,"end":320.25,"text":"y de los que pierden el tiempo."}]