﻿[{"start":9.25,"end":10.06,"text":"En la primera parte,"},{"start":10.3,"end":11.799,"text":"vimos los primeros tres pasos"},{"start":12.28,"end":13.93,"text":"para la gestión efectiva del tiempo:"},{"start":14.38,"end":15.25,"text":"auditorías de tiempo,"},{"start":15.58,"end":16.24,"text":"prioridades,"},{"start":16.48,"end":18.25,"text":"y tu círculo de influencia."},{"start":18.7,"end":19.239,"text":"En este módulo,"},{"start":19.69,"end":21.97,"text":"veremos los últimos tres pasos:"},{"start":22.3,"end":22.99,"text":"listas de tareas,"},{"start":23.32,"end":24.46,"text":"la regla 80/20,"},{"start":24.64,"end":25.97,"text":"y los que pierden el tiempo."},{"start":30.01,"end":31.619,"text":"La lista de tareas pendientes<br />es probablemente la más simple"},{"start":32.22,"end":33.629,"text":"y la forma más efectiva de administrar"},{"start":34.05,"end":34.56,"text":"tu tiempo."},{"start":35.22,"end":36.029,"text":"Hay muchas aplicaciones"},{"start":36.39,"end":38.159,"text":"y programas para ayudarte<br />a administrar tu lista de"},{"start":38.34,"end":40.62,"text":"tareas que incluyen Microsoft Outlook,"},{"start":40.96,"end":41.51,"text":"Trello,"},{"start":41.94,"end":42.66,"text":"Toodledo,"},{"start":42.9,"end":44.13,"text":"Wunderlist y más."},{"start":44.97,"end":46.439,"text":"Pero muchas personas encuentran que una simple lista"},{"start":46.86,"end":48.599,"text":"de tareas a lápiz y papel funcionan"},{"start":48.9,"end":49.65,"text":"lo mejor para ellos."},{"start":50.37,"end":52.14,"text":"Proporcionamos un formulario de muestra"},{"start":52.65,"end":54.33,"text":"o puedes usar cualquier cuaderno"},{"start":54.39,"end":56.07,"text":"o una libreta de papel que tengas a la mano."},{"start":56.85,"end":58.499,"text":"Hay tres claves para<br />tener una realmente"},{"start":58.92,"end":60.06,"text":"útil lista de quehaceres."},{"start":60.87,"end":62.639,"text":"Primero, debería tener todo en ella"},{"start":62.85,"end":64.98,"text":"y queremos decir todo."},{"start":65.76,"end":65.999,"text":"Tareas de trabajo,"},{"start":66.675,"end":67.349,"text":"tareas personales,"},{"start":68.145,"end":69.51,"text":"cosas importantes,"},{"start":69.69,"end":70.44,"text":"cosas sin importancia."},{"start":71.13,"end":72.96,"text":"En su libro Getting Things Done,"},{"start":73.47,"end":75.45,"text":"el autor David Allen dice que tener"},{"start":75.48,"end":77.279,"text":"todo lo que tienes que hacer fuera"},{"start":77.37,"end":77.94,"text":"de tu cabeza"},{"start":78.33,"end":80.19,"text":"y en un sistema confiable"},{"start":80.61,"end":82.379,"text":"no solo hace que sea<br />mucho menos probable que"},{"start":82.53,"end":83.159,"text":"olvides hacer algo,"},{"start":83.715,"end":85.289,"text":"también reduce tu nivel"},{"start":85.65,"end":86.01,"text":"de estrés."},{"start":86.85,"end":88.539,"text":"En segundo lugar, cada elemento de la tarea debe"},{"start":88.77,"end":89.94,"text":"tener un tiempo al lado."},{"start":90.42,"end":92.46,"text":"No te limites a poner \"llamar al vendedor ABC\""},{"start":92.79,"end":94.74,"text":"pon \"llamar al proveedor ABC"},{"start":95.04,"end":96.839,"text":"por 20 minutos \"si 20 minutos es cuanto"},{"start":97.05,"end":98.91,"text":"esperas te tome esa tarea."},{"start":99.69,"end":101.369,"text":"Enumerar los tiempos<br />es importante porque"},{"start":101.7,"end":103.319,"text":"es fácil ser poco realista acerca de"},{"start":103.53,"end":105.39,"text":"cuánto podemos lograr en un día."},{"start":106.08,"end":107.849,"text":"Puedes pensar que puede<br />realizar seis elementos en"},{"start":107.97,"end":109.14,"text":"tu Lista de cosas por hacer hoy."},{"start":109.62,"end":110.7,"text":"Parece razonable,"},{"start":110.85,"end":112.77,"text":"a menos que esas tareas<br />sean de dos horas cada una."},{"start":113.13,"end":114.809,"text":"Listar el tiempo te<br />ayuda a saber lo que puedes"},{"start":115.2,"end":116.88,"text":"y no puedes lograr hoy"},{"start":117.24,"end":118.739,"text":"y también te ayuda a<br />hacer más compromisos"},{"start":119.28,"end":120.81,"text":"realistas con tu jefe"},{"start":120.96,"end":121.83,"text":"y tus compañeros de trabajo."},{"start":122.76,"end":124.499,"text":"Tercero, pon una estrella al lado de cada"},{"start":124.8,"end":126.569,"text":"elemento en tu lista de tareas<br />que coincidan con tus"},{"start":126.75,"end":127.41,"text":"prioridades."},{"start":128.19,"end":129.96,"text":"Por ejemplo, una de tus<br />prioridades podría"},{"start":130.139,"end":131.7,"text":"ser tener nuevos clientes"},{"start":132.09,"end":133.769,"text":"y una de tus tareas<br />pendientes podría ser llamar"},{"start":134.07,"end":135,"text":"a 10 prospectos."},{"start":135.63,"end":137.189,"text":"Pon una estrella al lado<br />de esa tarea porque"},{"start":137.52,"end":139.77,"text":"te ayuda a alcanzar<br />una de tus prioridades."},{"start":140.79,"end":142.289,"text":"La lista de tareas pendientes es la pieza más"},{"start":142.83,"end":144.539,"text":"importante que crearás para mejorar"},{"start":144.93,"end":145.74,"text":"el manejo de tu tiempo."},{"start":146.37,"end":148.019,"text":"Recomendamos fijar un"},{"start":148.35,"end":150.089,"text":"horario para actualiza tu<br />lista de tareas en el"},{"start":150.18,"end":151.35,"text":"al comienzo de cada día"},{"start":151.74,"end":153.23,"text":"o incluso la noche anterior."},{"start":157.79,"end":160.01,"text":"Probablemente hayas escuchado<br />acerca del principio de Pareto."},{"start":160.22,"end":162.32,"text":"También llamada la regla 80/20."},{"start":162.8,"end":164.224,"text":"La regla dice que el 80% de"},{"start":164.63,"end":166.309,"text":"tus resultados a menudo provienen del 20%"},{"start":166.73,"end":167.93,"text":"de tus esfuerzos."},{"start":168.14,"end":169.789,"text":"Puede usar la regla 80/20 para ayudarte"},{"start":170,"end":172.13,"text":"a administrar tu tiempo de varias maneras."},{"start":172.43,"end":174.109,"text":"Primero, echémosle un vistazo a tu"},{"start":174.26,"end":176.15,"text":"lista de tareas y lista de prioridades."},{"start":176.48,"end":178.009,"text":"Puede que tengas la tentación de solo trabajar"},{"start":178.31,"end":180.59,"text":"en tareas las pendientes que<br />coincidan con tus prioridades."},{"start":180.83,"end":182.599,"text":"Pero la verdad es que es difícil"},{"start":183.02,"end":184.399,"text":"trabajar al 100% todo"},{"start":185.18,"end":185.81,"text":"el tiempo."},{"start":186.26,"end":188.24,"text":"Durante el día tu<br />nivel de energía va"},{"start":188.33,"end":189.38,"text":"arriba y abajo"},{"start":189.68,"end":191.239,"text":"y puedes beneficiarte de algunas cosas"},{"start":191.57,"end":193.009,"text":"menos importantes para trabajar entre"},{"start":193.47,"end":194.39,"text":"grandes tareas."},{"start":194.93,"end":196.76,"text":"Una buena regla general es programar"},{"start":196.82,"end":198.619,"text":"el 80% de tu tiempo trabajando hacia"},{"start":198.95,"end":200.299,"text":"tus prioridades con 20%"},{"start":200.87,"end":202.549,"text":"fijado para el trabajo que puede"},{"start":202.76,"end":203.72,"text":"ser menos importante"},{"start":203.87,"end":205.19,"text":"pero aún es necesario"},{"start":205.67,"end":207.379,"text":"También puedes usar la regla 80/20"},{"start":207.68,"end":209.82,"text":"para filtrar otras áreas<br />de tu carga de trabajo."},{"start":210.32,"end":212.059,"text":"Si el 80% de tus ventas vienen"},{"start":212.33,"end":214.43,"text":"del 20% de tus clientes,"},{"start":214.76,"end":216.67,"text":"¿Puedes cambiar cómo<br />te comunicas para"},{"start":216.68,"end":218.24,"text":"concentrarte en ese 20%?"},{"start":218.96,"end":220.099,"text":"Si el 80% de tus interrupciones"},{"start":220.79,"end":223.19,"text":"provienen del 20% de tus compañeros de trabajo,"},{"start":223.53,"end":225.019,"text":"puedes hacer algo<br />diferente para minimizar"},{"start":225.56,"end":226.7,"text":"ese 20%?"},{"start":231.17,"end":232.66,"text":"En la auditoría del tiempo,"},{"start":232.84,"end":234.399,"text":"le echaste una mirada honesta a dónde"},{"start":234.76,"end":236.259,"text":"va tu tiempo incluido el"},{"start":236.77,"end":238.509,"text":"tiempo que puede desperdiciarse en cosas"},{"start":238.81,"end":240.01,"text":"como revisar el correo electrónico"},{"start":240.04,"end":241.21,"text":"o leer las noticias."},{"start":241.84,"end":243.439,"text":"En el círculo de influencia que enumeramos"},{"start":243.87,"end":244.93,"text":"las cosas que puedes"},{"start":244.96,"end":246.25,"text":"y no puedes controlar."},{"start":246.9,"end":248.499,"text":"Ahora en este paso vamos a ver"},{"start":248.71,"end":250.329,"text":"formas de usar las cosas que puedes"},{"start":250.72,"end":252.339,"text":"controlar para administrar mejor la pérdida de"},{"start":252.79,"end":253.45,"text":"tiempo."},{"start":253.72,"end":255.79,"text":"El correo electrónico es muy<br />importante para muchas personas."},{"start":256.089,"end":257.8,"text":"Nos gusta sentir que estamos<br />constantemente conectados"},{"start":258.339,"end":260.109,"text":"así que dejamos abierto nuestro<br />programa de correo electrónico"},{"start":260.23,"end":261.46,"text":"en nuestra computadora todo el día"},{"start":261.899,"end":263.109,"text":"y recibimos nuestro correo electrónico<br />a través de nuestro teléfono"},{"start":263.56,"end":264.23,"text":"o tableta también"},{"start":264.96,"end":266.679,"text":"Pero piénsalo: si"},{"start":266.8,"end":268.029,"text":"no revisaste tu correo<br />electrónico durante una hora,"},{"start":268.495,"end":269.86,"text":"¿Qué es lo peor que pasaría?"},{"start":270.52,"end":271.54,"text":"¿Qué tal dos horas?"},{"start":272.23,"end":273.639,"text":"O ¿qué pasa si solo revisaste<br />tu correo electrónico"},{"start":274.06,"end":275.23,"text":"una o dos veces al día?"},{"start":275.95,"end":277.649,"text":"¿Hay correos electrónicos que<br />recibes que absolutamente"},{"start":278.32,"end":279.999,"text":"deben manejarse con más frecuencia que"},{"start":280.165,"end":280.33,"text":"eso?"},{"start":281.05,"end":281.83,"text":"En su libro,"},{"start":282.04,"end":283.51,"text":"El mito de la multitarea,"},{"start":284.08,"end":285.549,"text":"el autor y gurú de la productividad"},{"start":286.03,"end":288.25,"text":"Dave Crenshaw muestra cómo"},{"start":288.28,"end":289.359,"text":"las interrupciones del correo electrónico,"},{"start":289.96,"end":290.74,"text":"las llamadas telefónicas,"},{"start":290.77,"end":292.014,"text":"u otras fuentes nos"},{"start":292.75,"end":294.369,"text":"roban de 30 a 50"},{"start":294.85,"end":296.71,"text":"por ciento de nuestro tiempo productivo."},{"start":297.58,"end":298.36,"text":"En otras palabras,"},{"start":298.42,"end":300.16,"text":"lo que logramos en ocho horas"},{"start":300.22,"end":301.959,"text":"con interrupciones podría"},{"start":302.17,"end":303.909,"text":"estar terminado en cuatro si podemos"},{"start":304.12,"end":306.25,"text":"enfocarnos en una cosa a la vez."},{"start":306.67,"end":308.35,"text":"La clave es algo llamado"},{"start":308.62,"end":309.19,"text":"dosificación."},{"start":310.06,"end":311.709,"text":"En lugar de pasar<br />unos minutos cada"},{"start":312.04,"end":312.909,"text":"hora respondiendo correos electrónicos,"},{"start":313.66,"end":314.889,"text":"combinalas en uno"},{"start":315.13,"end":316.869,"text":"o dos lotes diarios donde"},{"start":317.02,"end":318.7,"text":"puedes dejar de lado otro trabajo"},{"start":318.85,"end":320.77,"text":"para enfocarte en limpiar tu bandeja de entrada."},{"start":321.28,"end":323.079,"text":"A otros derrochadores del tiempo<br />les gusta ponerse al día"},{"start":323.17,"end":324.489,"text":"en las noticias, juegos,"},{"start":325.015,"end":326.26,"text":"viendo las redes sociales,"},{"start":326.29,"end":328.089,"text":"y así sucesivamente se puede segmentar en"},{"start":328.33,"end":330.46,"text":"otras dosificaciones durante los descansos"},{"start":330.61,"end":331.79,"text":"o después de tu día de trabajo."},{"start":332.47,"end":334.19,"text":"¿Qué pasa con la comunicación en persona?"},{"start":334.75,"end":335.259,"text":"Las conversaciones regulares"},{"start":336.19,"end":337.629,"text":"y solicitudes que<br />suceden contigo y"},{"start":338.14,"end":338.91,"text":"y tus compañeros de trabajo."},{"start":339.85,"end":341.93,"text":"Dave Crenshaw recomienda<br />publicar regularmente"},{"start":342.07,"end":342.97,"text":"las horas de oficina"},{"start":343.3,"end":345.43,"text":"y reuniones recurrentes<br />para agruparlas"},{"start":345.82,"end":347.559,"text":"así puedas eliminar tiempo ininterrumpido"},{"start":347.95,"end":349.18,"text":"para centrarte en tu trabajo."},{"start":349.81,"end":352,"text":"Un gran ejemplo de<br />esto es una compañía"},{"start":352.13,"end":353.559,"text":"la cual designó de 9:30 a 11:30"},{"start":354.25,"end":355.84,"text":"a.m. como tiempo de enfoque."},{"start":356.62,"end":357.279,"text":"Durante esas horas,"},{"start":357.85,"end":359.559,"text":"se esperaba que los empleados se enfocaran en"},{"start":359.71,"end":361.48,"text":"su proyecto de trabajo donde sea posible"},{"start":361.99,"end":364.21,"text":"y no se esperaba que<br />programaran reuniones"},{"start":364.24,"end":365.55,"text":"o respondieran llamadas telefónicas,"},{"start":365.65,"end":367.24,"text":"correos electrónicos o mensajes de chat."},{"start":367.87,"end":369.489,"text":"Ya que todos saben que<br />pueden tener sus preguntas"},{"start":369.91,"end":371.519,"text":"respondidas fuera del horario de enfoque,"},{"start":372.095,"end":374.53,"text":"esto permite a todos relajarse"},{"start":374.56,"end":375.789,"text":"y enfocarse en el trabajo productivo"},{"start":376.6,"end":378.14,"text":"relativamente ininterrumpido."},{"start":381.55,"end":383.149,"text":"En este mini curso hemos dado"},{"start":383.39,"end":385.34,"text":"seis pasos dirigidos a una mayor"},{"start":385.4,"end":386.45,"text":"gestión del tiempo."},{"start":387.08,"end":388.88,"text":"Haciendo auditorías del tiempo regulares,"},{"start":389.3,"end":390.259,"text":"enumerando tus prioridades actuales,"},{"start":391.4,"end":393.35,"text":"entendiendo lo que puedes"},{"start":393.38,"end":394.129,"text":"y no puedes controlar,"},{"start":394.865,"end":396.049,"text":"hacer una lista de cosas por hacer"},{"start":396.41,"end":397.399,"text":"con tiempo y prioridad,"},{"start":398.06,"end":400.04,"text":"usando la regla 80/20,"},{"start":400.58,"end":402.62,"text":"y la gestión de tus consumidores de tiempo."},{"start":403.31,"end":405.019,"text":"Si quieres profundizar<br />en la administración"},{"start":405.62,"end":406.489,"text":"de tu tiempo más productivo,"},{"start":407.12,"end":408.859,"text":"recomendamos cuatro grandes"},{"start":409.25,"end":409.85,"text":"libros."},{"start":410.12,"end":411.769,"text":"Los siete hábitos de la gente altamente"},{"start":412.28,"end":413.75,"text":"Efectiva de Stephen Covey."},{"start":414.59,"end":416.059,"text":"Hacer las cosas por David"},{"start":416.45,"end":416.84,"text":"Allen."},{"start":417.53,"end":419.089,"text":"La semana laboral de cuatro horas por Tim"},{"start":419.45,"end":420.02,"text":"Ferriss."},{"start":420.14,"end":421.369,"text":"Y el mito de la multitarea"},{"start":422.33,"end":423.62,"text":"por Dave Crenshaw."},{"start":424.4,"end":426.079,"text":"Por último, asegúrate de dejar de lado"},{"start":426.5,"end":428.12,"text":"un tiempo para la superación personal"},{"start":428.48,"end":430.159,"text":"incluyendo revisar el<br />resto de nuestros cursos"},{"start":430.5,"end":431.96,"text":"de productividad de Brain Bites."}]